	Athila4-1	Bagy-2	Cyclops-2	Calypso	Diaspora	RetroSor1	Cinful-1	RIRE2	Grande1-4	Tat4-1	Tft2	Ogre	B1147A04.5	Gloin	Ifg7	Gimli	Reina	Del	Peabody	Retrosat-2	Tma	Legolas	Bagy-1	Cereba	CRM	Beetle1	Tse3	Monkey	Galadriel	G-Rhodo	Tntom1	Sushi-ichi	Amn-ni	Amn-san	Amn-ichi	Cgret	Pyret	Skippy	marY1	Dane-1	Maggy	Real	Pyggy	Grasshopper	MGLR3	Cft-1	REM1	Ty3-1	Gmr1	rGmr1	Cer2	Cer3	HMS-Beagle	Yoyo	Nomad	Gypsyvir	Gypsy	Springer	Burdock	297	Tom	17.6	Tv1	Idefix	Ted	Zam	Mdg3	412	Mdg1	Cer1	CsRN1	Boudicca	Kabuki	Osvaldo	Micropia	Blastopia	TF2	TF1	Woot	Mag	DRM	CFG1	Hydra2-1	SPM	Cer4	Cer5	Cer6	Gulliver	SURL	Tor1	Tor4a	Cigr-1	Skipper	bemisia_tabaci_NW_017547204.1:782040-803803_ORF111	Tor2	Ulysses
Athila4-1	1.0	0.7265	0.7117	0.6968	0.6771	0.3677	0.3767	0.3812	0.2973	0.3632	0.3408	0.4574	0.3355	0.3744	0.3846	0.3649	0.3919	0.3653	0.3874	0.4009	0.4118	0.4054	0.3738	0.3538	0.3694	0.3694	0.3901	0.3649	0.3604	0.3378	0.3212	0.3318	0.317	0.3527	0.3587	0.3363	0.2727	0.3587	0.3677	0.3184	0.3498	0.3543	0.2928	0.3184	0.3543	0.3677	0.3694	0.4208	0.3591	0.3864	0.3213	0.3213	0.3812	0.3767	0.3857	0.3632	0.3543	0.3498	0.3543	0.3946	0.417	0.4036	0.3982	0.4036	0.4215	0.4036	0.4036	0.3991	0.4036	0.3857	0.3591	0.3273	0.3529	0.3971	0.3697	0.3318	0.3453	0.3408	0.3032	0.3273	0.3227	0.3122	0.3167	0.3213	0.3091	0.3273	0.3091	0.2624	0.3529	0.2598	0.3318	0.2955	0.3015	0.3213	0.2598	0.3059
Bagy-2	0.7265	1.0	0.6833	0.6864	0.6667	0.3784	0.3559	0.3829	0.3213	0.3604	0.3378	0.4324	0.3613	0.367	0.4	0.3665	0.3937	0.367	0.3801	0.3891	0.4	0.3801	0.3756	0.3763	0.3982	0.3891	0.4054	0.3484	0.3529	0.3258	0.3281	0.3423	0.3408	0.3722	0.3739	0.3423	0.274	0.3423	0.3559	0.3108	0.3333	0.3919	0.3077	0.3423	0.3423	0.3514	0.3756	0.4	0.3516	0.3973	0.3318	0.3273	0.4144	0.3874	0.4234	0.3919	0.4009	0.3874	0.3919	0.4054	0.4099	0.4099	0.3864	0.3919	0.4234	0.4144	0.4099	0.3964	0.3829	0.3288	0.3562	0.3242	0.3455	0.3645	0.3381	0.2973	0.3423	0.3468	0.2773	0.3333	0.3333	0.3045	0.3273	0.3091	0.3273	0.3136	0.3182	0.2682	0.3364	0.2759	0.3425	0.3059	0.298	0.3045	0.2365	0.2982
Cyclops-2	0.7117	0.6833	1.0	0.7123	0.6516	0.3394	0.3348	0.362	0.3273	0.3891	0.3394	0.4208	0.3399	0.3779	0.3744	0.3682	0.3955	0.3594	0.3909	0.3955	0.3927	0.3864	0.3538	0.3834	0.3864	0.3682	0.3801	0.3182	0.3455	0.3545	0.2984	0.3258	0.3288	0.3919	0.3937	0.3394	0.2752	0.3394	0.3801	0.3077	0.3394	0.3529	0.2636	0.3167	0.3348	0.3394	0.3955	0.4247	0.3349	0.3761	0.3562	0.3516	0.3665	0.3529	0.3891	0.362	0.3575	0.3529	0.362	0.4027	0.4253	0.4208	0.3881	0.3982	0.3891	0.4118	0.3891	0.362	0.371	0.3575	0.3578	0.3303	0.3516	0.3762	0.378	0.3348	0.3303	0.3348	0.2877	0.3303	0.3119	0.3059	0.3151	0.2694	0.3165	0.2982	0.289	0.2511	0.3196	0.2723	0.3303	0.3028	0.2995	0.2694	0.2376	0.2995
Calypso	0.6968	0.6864	0.7123	1.0	0.6545	0.3364	0.3227	0.3682	0.3151	0.3545	0.3364	0.4182	0.3553	0.338	0.3624	0.3516	0.3836	0.3287	0.3607	0.3562	0.3807	0.3562	0.3412	0.3333	0.3607	0.3653	0.3818	0.3379	0.3196	0.3151	0.3105	0.3318	0.3439	0.371	0.3682	0.3409	0.2811	0.3364	0.3591	0.2864	0.3318	0.3227	0.274	0.3	0.2909	0.3364	0.3562	0.3716	0.318	0.3548	0.3257	0.3257	0.35	0.35	0.35	0.3455	0.3364	0.3364	0.3364	0.3727	0.3909	0.4	0.3761	0.3636	0.3909	0.3818	0.3864	0.3818	0.3682	0.3409	0.3456	0.3041	0.3257	0.3731	0.3269	0.3136	0.3	0.3045	0.2844	0.3134	0.2949	0.2982	0.3211	0.2844	0.3041	0.2949	0.2949	0.2661	0.3119	0.2687	0.3226	0.2903	0.2857	0.289	0.2736	0.2963
Diaspora	0.6771	0.6667	0.6516	0.6545	1.0	0.3739	0.3423	0.3604	0.3348	0.3739	0.3468	0.4324	0.3442	0.3761	0.3818	0.3529	0.3982	0.344	0.3982	0.3891	0.3909	0.3891	0.3803	0.3866	0.3756	0.3801	0.3874	0.3348	0.3213	0.3665	0.3177	0.3198	0.3498	0.3632	0.3784	0.3243	0.2831	0.3559	0.3604	0.3063	0.3423	0.3739	0.2986	0.3243	0.3333	0.3559	0.3484	0.3727	0.3333	0.3562	0.35	0.3455	0.3694	0.3468	0.3874	0.3739	0.3784	0.3694	0.3559	0.3784	0.3964	0.3919	0.3636	0.3739	0.3964	0.3874	0.3829	0.3784	0.3649	0.3378	0.3425	0.3288	0.3318	0.3498	0.3524	0.3153	0.3243	0.3288	0.2955	0.3379	0.3288	0.3091	0.3045	0.2955	0.3151	0.3196	0.3379	0.2727	0.3409	0.2611	0.3379	0.3014	0.298	0.3091	0.2463	0.3028
RetroSor1	0.3677	0.3784	0.3394	0.3364	0.3739	1.0	0.6875	0.5938	0.5247	0.558	0.5536	0.4798	0.5806	0.3288	0.3394	0.3108	0.3784	0.3653	0.3649	0.3243	0.362	0.3649	0.3458	0.3505	0.3514	0.3829	0.3543	0.3198	0.3243	0.3559	0.2694	0.3139	0.3393	0.3527	0.3274	0.3274	0.3273	0.3363	0.3184	0.3004	0.3408	0.3184	0.2973	0.3274	0.3049	0.3363	0.3198	0.3801	0.3636	0.3773	0.3665	0.3258	0.3587	0.3318	0.3632	0.3453	0.3363	0.3408	0.3318	0.3722	0.3677	0.3632	0.3756	0.3857	0.3587	0.3812	0.3587	0.3408	0.3408	0.3049	0.35	0.3136	0.3167	0.3756	0.327	0.2511	0.3229	0.3184	0.3077	0.2955	0.3227	0.2941	0.3213	0.3394	0.3455	0.3182	0.3318	0.3122	0.3303	0.2829	0.3636	0.3045	0.3065	0.2715	0.3268	0.2922
Cinful-1	0.3767	0.3559	0.3348	0.3227	0.3423	0.6875	1.0	0.6027	0.5112	0.567	0.5714	0.4843	0.6323	0.3379	0.3484	0.3198	0.3333	0.3425	0.3649	0.3333	0.3575	0.3423	0.3551	0.3557	0.3559	0.3604	0.3587	0.3153	0.3378	0.3288	0.2694	0.3229	0.317	0.3393	0.3004	0.3139	0.2955	0.3274	0.296	0.287	0.3318	0.3139	0.2703	0.3229	0.3049	0.3408	0.3468	0.362	0.3364	0.35	0.3348	0.3077	0.3767	0.3543	0.3946	0.3318	0.3274	0.3229	0.3408	0.3677	0.3632	0.3677	0.3756	0.3812	0.3498	0.3812	0.3677	0.3318	0.3363	0.2915	0.3318	0.3409	0.3167	0.3756	0.3223	0.2466	0.296	0.2915	0.3258	0.2727	0.2909	0.2805	0.2715	0.3032	0.3	0.3318	0.3136	0.276	0.3575	0.2585	0.3182	0.3091	0.3015	0.2715	0.322	0.2785
RIRE2	0.3812	0.3829	0.362	0.3682	0.3604	0.5938	0.6027	1.0	0.6278	0.5446	0.5625	0.4888	0.671	0.3196	0.3439	0.3243	0.3694	0.3151	0.3243	0.3153	0.3394	0.3333	0.3505	0.3351	0.3649	0.3649	0.3543	0.2883	0.3153	0.3514	0.2539	0.2646	0.2991	0.3304	0.287	0.3049	0.2682	0.3094	0.296	0.287	0.3318	0.3184	0.2793	0.3229	0.296	0.3184	0.3288	0.3394	0.3136	0.3136	0.3258	0.3077	0.3408	0.3274	0.3587	0.3184	0.3184	0.3184	0.3184	0.296	0.3184	0.3004	0.2986	0.3318	0.296	0.3318	0.3498	0.3184	0.3363	0.2825	0.2909	0.3	0.2986	0.3561	0.2844	0.2466	0.278	0.278	0.2851	0.3	0.2727	0.2715	0.2805	0.2986	0.3273	0.3	0.3182	0.2579	0.3394	0.2634	0.2955	0.3	0.2513	0.2805	0.3171	0.2557
Grande1-4	0.2973	0.3213	0.3273	0.3151	0.3348	0.5247	0.5112	0.6278	1.0	0.4664	0.4709	0.4459	0.6323	0.3119	0.2909	0.267	0.3032	0.2752	0.2896	0.2715	0.2864	0.267	0.3146	0.3144	0.3122	0.3032	0.3108	0.2443	0.267	0.3032	0.2228	0.2793	0.2915	0.3004	0.2432	0.2748	0.2192	0.2928	0.2793	0.2432	0.2928	0.2973	0.2579	0.2838	0.2658	0.2793	0.3032	0.2955	0.2877	0.2968	0.2864	0.2682	0.3153	0.2883	0.3108	0.2973	0.2883	0.2883	0.2928	0.2883	0.3063	0.2928	0.3045	0.3063	0.2928	0.3108	0.2883	0.2613	0.2748	0.2207	0.2922	0.2773	0.3	0.2843	0.2571	0.1982	0.2342	0.2342	0.2682	0.2557	0.2374	0.2409	0.2545	0.2455	0.274	0.2648	0.2877	0.2364	0.2773	0.2451	0.2648	0.2511	0.2362	0.2364	0.2451	0.2156
Tat4-1	0.3632	0.3604	0.3891	0.3545	0.3739	0.558	0.567	0.5446	0.4664	1.0	0.7812	0.4933	0.4774	0.3425	0.3484	0.3153	0.3604	0.3151	0.3423	0.3288	0.3756	0.3649	0.3551	0.3454	0.3468	0.3333	0.3632	0.3063	0.3288	0.3423	0.2694	0.3274	0.3482	0.3527	0.3184	0.3318	0.3136	0.3184	0.3139	0.296	0.3543	0.3049	0.2613	0.3049	0.3049	0.3408	0.3604	0.3575	0.3273	0.3136	0.3575	0.3439	0.3677	0.3677	0.3632	0.3543	0.3318	0.3363	0.3139	0.3543	0.3722	0.3632	0.3394	0.3498	0.3094	0.3498	0.3632	0.296	0.287	0.3049	0.3318	0.3091	0.2986	0.3512	0.3223	0.2556	0.3049	0.3049	0.3258	0.2955	0.3	0.2715	0.2624	0.3032	0.3045	0.3182	0.3045	0.2941	0.3258	0.2732	0.3091	0.2955	0.2864	0.276	0.2927	0.274
Tft2	0.3408	0.3378	0.3394	0.3364	0.3468	0.5536	0.5714	0.5625	0.4709	0.7812	1.0	0.5067	0.4903	0.3333	0.3348	0.3063	0.3423	0.3333	0.3378	0.3198	0.3394	0.3288	0.3318	0.3402	0.3288	0.3288	0.3498	0.3018	0.2928	0.3018	0.2591	0.3049	0.3125	0.3571	0.3004	0.3049	0.3	0.3004	0.3004	0.2735	0.3318	0.2825	0.2523	0.2825	0.2915	0.3004	0.3468	0.3529	0.3182	0.3045	0.3213	0.2986	0.3453	0.3318	0.3498	0.3318	0.3184	0.3229	0.3049	0.3318	0.3453	0.3363	0.3213	0.3363	0.3004	0.3408	0.3408	0.2735	0.2735	0.2915	0.3	0.3	0.2896	0.3073	0.2986	0.2466	0.2915	0.2915	0.3032	0.2909	0.2773	0.2308	0.2851	0.276	0.3091	0.3136	0.3045	0.2805	0.3213	0.2537	0.2727	0.2727	0.2714	0.2715	0.2976	0.2785
Ogre	0.4574	0.4324	0.4208	0.4182	0.4324	0.4798	0.4843	0.4888	0.4459	0.4933	0.5067	1.0	0.4839	0.3744	0.3891	0.3784	0.3784	0.379	0.3874	0.3829	0.3937	0.3829	0.4065	0.4072	0.4099	0.4054	0.4081	0.3649	0.3739	0.3739	0.3368	0.3543	0.3527	0.3884	0.3274	0.3632	0.3	0.3408	0.3587	0.3094	0.3453	0.3498	0.2928	0.3274	0.3722	0.3587	0.3964	0.4163	0.3818	0.4	0.3529	0.3439	0.3812	0.3453	0.3587	0.3901	0.3677	0.3677	0.3498	0.3767	0.3812	0.3767	0.3801	0.417	0.3722	0.3632	0.3857	0.3274	0.3274	0.3004	0.3591	0.3727	0.3439	0.3951	0.3223	0.3004	0.3049	0.3049	0.3258	0.3136	0.3682	0.2851	0.3394	0.3213	0.3318	0.3364	0.3727	0.3213	0.3258	0.322	0.3364	0.2955	0.3317	0.3213	0.3171	0.2877
B1147A04.5	0.3355	0.3613	0.3399	0.3553	0.3442	0.5806	0.6323	0.671	0.6323	0.4774	0.4903	0.4839	1.0	0.3179	0.3137	0.3052	0.3506	0.2941	0.3052	0.2987	0.3377	0.2987	0.3333	0.3831	0.3571	0.3571	0.3742	0.2922	0.3247	0.3442	0.2697	0.3032	0.3226	0.3484	0.2727	0.2968	0.2829	0.3097	0.2968	0.2903	0.3677	0.3097	0.2987	0.3548	0.2839	0.3355	0.3506	0.3399	0.3007	0.3399	0.3072	0.3007	0.3806	0.3742	0.3742	0.329	0.3355	0.3419	0.3355	0.3484	0.3677	0.3806	0.3613	0.3806	0.3161	0.3806	0.3355	0.3032	0.3032	0.2645	0.3464	0.3399	0.3399	0.3548	0.3497	0.2194	0.2645	0.2645	0.3442	0.2549	0.2566	0.268	0.268	0.2614	0.2745	0.268	0.2941	0.2632	0.3203	0.2597	0.2941	0.2792	0.2745	0.268	0.2774	0.2403
Gloin	0.3744	0.367	0.3779	0.338	0.3761	0.3288	0.3379	0.3196	0.3119	0.3425	0.3333	0.3744	0.3179	1.0	0.5909	0.6199	0.552	0.5	0.543	0.543	0.5727	0.5339	0.5258	0.4922	0.5023	0.5113	0.4977	0.5294	0.4842	0.4887	0.4531	0.4389	0.4344	0.4706	0.4182	0.4661	0.3807	0.4434	0.457	0.3846	0.457	0.4208	0.3455	0.4208	0.4163	0.4208	0.4796	0.4658	0.3945	0.3945	0.3607	0.347	0.4318	0.4364	0.4545	0.3864	0.3864	0.4091	0.3773	0.4364	0.4364	0.4455	0.4037	0.4455	0.4227	0.4136	0.3982	0.3364	0.3591	0.3846	0.4194	0.4055	0.4037	0.3663	0.3876	0.3439	0.4163	0.4163	0.3425	0.3641	0.3594	0.3486	0.3073	0.367	0.3226	0.3318	0.2903	0.3028	0.2844	0.2772	0.3211	0.3134	0.3367	0.2922	0.2525	0.3364
Ifg7	0.3846	0.4	0.3744	0.3624	0.3818	0.3394	0.3484	0.3439	0.2909	0.3484	0.3348	0.3891	0.3137	0.5909	1.0	0.6188	0.5381	0.5182	0.5561	0.5157	0.5405	0.5157	0.5163	0.4564	0.5022	0.5202	0.4843	0.4395	0.4888	0.4888	0.4352	0.435	0.4395	0.4215	0.4054	0.4753	0.3591	0.417	0.426	0.4081	0.4215	0.426	0.3423	0.4305	0.4126	0.4126	0.4933	0.4525	0.3818	0.3636	0.3439	0.3348	0.4144	0.4369	0.4279	0.3874	0.4099	0.4054	0.4009	0.4595	0.455	0.4369	0.45	0.4459	0.4505	0.4459	0.4081	0.3333	0.3423	0.3812	0.3744	0.3607	0.3636	0.348	0.3555	0.3318	0.3857	0.3857	0.3575	0.3881	0.3607	0.3545	0.3364	0.35	0.2922	0.2877	0.2968	0.2864	0.2773	0.299	0.2773	0.274	0.3485	0.3077	0.2255	0.3059
Gimli	0.3649	0.3665	0.3682	0.3516	0.3529	0.3108	0.3198	0.3243	0.267	0.3153	0.3063	0.3784	0.3052	0.6199	0.6188	1.0	0.558	0.5113	0.5536	0.567	0.5605	0.5625	0.5602	0.4949	0.5312	0.5491	0.5223	0.5134	0.5	0.5	0.4691	0.5	0.4509	0.4688	0.4933	0.4732	0.3756	0.4375	0.4866	0.4107	0.4464	0.4375	0.3543	0.442	0.4062	0.4107	0.4911	0.4685	0.3846	0.4027	0.3649	0.3559	0.4036	0.4126	0.3991	0.3991	0.3812	0.3901	0.3901	0.435	0.4305	0.435	0.4072	0.4395	0.4215	0.4305	0.4196	0.3453	0.3857	0.4286	0.4227	0.3818	0.3756	0.3756	0.3679	0.3438	0.3973	0.3973	0.3288	0.3727	0.4318	0.3846	0.3529	0.3846	0.3273	0.3636	0.3273	0.3484	0.2624	0.2634	0.3213	0.2864	0.3568	0.3108	0.2146	0.3273
Reina	0.3919	0.3937	0.3955	0.3836	0.3982	0.3784	0.3333	0.3694	0.3032	0.3604	0.3423	0.3784	0.3506	0.552	0.5381	0.558	1.0	0.4932	0.5268	0.5312	0.5471	0.5268	0.5463	0.4949	0.5179	0.5357	0.5045	0.5089	0.5134	0.4866	0.433	0.4598	0.4777	0.4955	0.4888	0.4777	0.4072	0.4464	0.4955	0.4554	0.4688	0.4688	0.3812	0.4643	0.4196	0.4598	0.4777	0.464	0.4072	0.4072	0.3739	0.3784	0.4619	0.4529	0.4305	0.4215	0.4215	0.4529	0.4081	0.4798	0.4798	0.4529	0.4661	0.4798	0.3991	0.435	0.4107	0.3543	0.3632	0.4062	0.4136	0.3818	0.3937	0.4049	0.3821	0.3438	0.4196	0.4152	0.4009	0.4	0.3455	0.3258	0.3439	0.3575	0.35	0.3455	0.3227	0.3213	0.3213	0.3122	0.3303	0.3273	0.3266	0.2883	0.3073	0.3455
Del	0.3653	0.367	0.3594	0.3287	0.344	0.3653	0.3425	0.3151	0.2752	0.3151	0.3333	0.379	0.2941	0.5	0.5182	0.5113	0.4932	1.0	0.6425	0.6742	0.65	0.6244	0.5962	0.4845	0.5113	0.5249	0.5023	0.5294	0.5294	0.5158	0.4974	0.4751	0.4615	0.4977	0.4455	0.457	0.367	0.4253	0.4434	0.4434	0.4615	0.4389	0.3727	0.4118	0.3937	0.4208	0.4887	0.3927	0.3486	0.3578	0.3607	0.3379	0.4091	0.4045	0.3864	0.3909	0.3818	0.4045	0.3955	0.4091	0.3909	0.3955	0.4037	0.4136	0.3818	0.3955	0.371	0.3409	0.3364	0.3529	0.3594	0.3687	0.3624	0.3564	0.3301	0.2986	0.3846	0.3801	0.3242	0.3349	0.3532	0.3059	0.3196	0.3425	0.2811	0.2903	0.2949	0.2936	0.3014	0.2723	0.3119	0.2995	0.3214	0.2603	0.2525	0.341
Peabody	0.3874	0.3801	0.3909	0.3607	0.3982	0.3649	0.3649	0.3243	0.2896	0.3423	0.3378	0.3874	0.3052	0.543	0.5561	0.5536	0.5268	0.6425	1.0	0.7054	0.6592	0.6696	0.6435	0.5357	0.5536	0.5893	0.5179	0.5491	0.5491	0.5223	0.4794	0.4598	0.4866	0.5134	0.4753	0.4732	0.4208	0.4732	0.4464	0.4375	0.4732	0.4598	0.3857	0.4241	0.4464	0.4643	0.5223	0.491	0.3937	0.4027	0.4009	0.3649	0.4126	0.417	0.4036	0.3901	0.3812	0.4036	0.3857	0.4215	0.4305	0.435	0.448	0.4305	0.435	0.4395	0.433	0.3632	0.3587	0.3705	0.3727	0.3727	0.3756	0.3707	0.4245	0.3304	0.4286	0.433	0.3784	0.3636	0.4045	0.3439	0.3439	0.3846	0.3318	0.3136	0.3318	0.3348	0.3303	0.278	0.3665	0.3409	0.3467	0.3243	0.2244	0.3182
Retrosat-2	0.4009	0.3891	0.3955	0.3562	0.3891	0.3243	0.3333	0.3153	0.2715	0.3288	0.3198	0.3829	0.2987	0.543	0.5157	0.567	0.5312	0.6742	0.7054	1.0	0.6502	0.6429	0.6898	0.5408	0.5759	0.5759	0.5536	0.5536	0.558	0.5179	0.5103	0.4777	0.4777	0.5045	0.4798	0.4688	0.3891	0.4598	0.4688	0.433	0.4777	0.442	0.3632	0.4152	0.4598	0.4732	0.5402	0.482	0.3891	0.4118	0.3964	0.3874	0.4126	0.3991	0.417	0.3991	0.3767	0.3946	0.3767	0.4215	0.4215	0.4215	0.4434	0.4395	0.3857	0.426	0.3973	0.3498	0.3543	0.3705	0.4	0.4	0.3756	0.3756	0.3821	0.3214	0.4107	0.4152	0.3559	0.3682	0.4	0.3213	0.3529	0.3801	0.3364	0.3545	0.3364	0.3303	0.2896	0.2585	0.3348	0.3273	0.3317	0.3063	0.2488	0.3273
Tma	0.4118	0.4	0.3927	0.3807	0.3909	0.362	0.3575	0.3394	0.2864	0.3756	0.3394	0.3937	0.3377	0.5727	0.5405	0.5605	0.5471	0.65	0.6592	0.6502	1.0	0.7982	0.6	0.5282	0.5202	0.5516	0.5381	0.5516	0.5247	0.5426	0.5103	0.5022	0.4529	0.5067	0.491	0.4798	0.4182	0.4709	0.4888	0.4843	0.5157	0.4798	0.4054	0.4753	0.4395	0.4709	0.5381	0.4615	0.4091	0.4136	0.371	0.3575	0.4414	0.4595	0.4054	0.4009	0.3919	0.4099	0.4009	0.4414	0.4459	0.464	0.4545	0.464	0.4189	0.464	0.4036	0.3784	0.3649	0.3812	0.4064	0.379	0.3864	0.4195	0.4076	0.3677	0.4036	0.3991	0.4072	0.347	0.379	0.3273	0.3364	0.3682	0.3425	0.3562	0.3333	0.3364	0.2955	0.2829	0.35	0.3014	0.3518	0.3077	0.2829	0.347
Legolas	0.4054	0.3801	0.3864	0.3562	0.3891	0.3649	0.3423	0.3333	0.267	0.3649	0.3288	0.3829	0.2987	0.5339	0.5157	0.5625	0.5268	0.6244	0.6696	0.6429	0.7982	1.0	0.5833	0.5153	0.5134	0.5312	0.5	0.5312	0.5089	0.5179	0.5	0.4866	0.4375	0.4911	0.4664	0.4732	0.4118	0.4598	0.4688	0.4375	0.4688	0.4554	0.3946	0.4196	0.442	0.4509	0.5268	0.4685	0.4027	0.4027	0.3829	0.3739	0.435	0.426	0.3901	0.3812	0.3767	0.3991	0.3812	0.4036	0.4126	0.4395	0.4389	0.4305	0.417	0.4395	0.3839	0.3722	0.3677	0.3884	0.4	0.3727	0.3801	0.3902	0.4151	0.3393	0.3884	0.3839	0.3784	0.3545	0.4045	0.3439	0.3394	0.3891	0.3318	0.3273	0.3182	0.3258	0.3122	0.2683	0.3529	0.3182	0.3668	0.3108	0.2683	0.3182
Bagy-1	0.3738	0.3756	0.3538	0.3412	0.3803	0.3458	0.3551	0.3505	0.3146	0.3551	0.3318	0.4065	0.3333	0.5258	0.5163	0.5602	0.5463	0.5962	0.6435	0.6898	0.6	0.5833	1.0	0.5266	0.5324	0.5556	0.5556	0.5417	0.5602	0.4815	0.508	0.4676	0.4815	0.4769	0.4698	0.4583	0.4038	0.463	0.4815	0.4491	0.5046	0.4583	0.3814	0.3935	0.4491	0.4537	0.5139	0.4813	0.3756	0.4038	0.3785	0.3692	0.4279	0.4233	0.4093	0.3767	0.386	0.386	0.386	0.4326	0.4233	0.4233	0.446	0.4372	0.4	0.414	0.4398	0.3395	0.3395	0.3565	0.4104	0.4009	0.3709	0.3939	0.3824	0.3287	0.4352	0.4398	0.3551	0.3255	0.3868	0.3286	0.3192	0.3803	0.3066	0.3066	0.3208	0.3192	0.2817	0.2828	0.3474	0.3443	0.3385	0.285	0.2475	0.3255
Cereba	0.3538	0.3763	0.3834	0.3333	0.3866	0.3505	0.3557	0.3351	0.3144	0.3454	0.3402	0.4072	0.3831	0.4922	0.4564	0.4949	0.4949	0.4845	0.5357	0.5408	0.5282	0.5153	0.5266	1.0	0.852	0.6786	0.4847	0.4439	0.4694	0.5153	0.4483	0.4541	0.449	0.4592	0.4308	0.4694	0.4041	0.4541	0.4286	0.4286	0.4745	0.449	0.3744	0.4133	0.3724	0.4541	0.4235	0.4588	0.4041	0.4145	0.3402	0.3402	0.4205	0.4359	0.4154	0.4	0.3795	0.4154	0.3795	0.441	0.4308	0.4462	0.4404	0.4564	0.4051	0.4256	0.4031	0.3333	0.3385	0.3316	0.4062	0.4197	0.399	0.4068	0.3859	0.301	0.3878	0.3929	0.3969	0.3264	0.3472	0.2887	0.3299	0.3247	0.3229	0.3385	0.3385	0.2591	0.2784	0.2938	0.3523	0.285	0.3218	0.3247	0.2542	0.3109
CRM	0.3694	0.3982	0.3864	0.3607	0.3756	0.3514	0.3559	0.3649	0.3122	0.3468	0.3288	0.4099	0.3571	0.5023	0.5022	0.5312	0.5179	0.5113	0.5536	0.5759	0.5202	0.5134	0.5324	0.852	1.0	0.7321	0.5268	0.4554	0.4821	0.5357	0.4588	0.4732	0.4643	0.4688	0.4619	0.4732	0.3846	0.433	0.4375	0.4375	0.4732	0.4688	0.3767	0.433	0.3839	0.4509	0.442	0.4775	0.4208	0.3982	0.3378	0.3333	0.426	0.435	0.4305	0.426	0.4081	0.4305	0.4081	0.4484	0.435	0.4439	0.4344	0.4619	0.3946	0.426	0.4062	0.3587	0.3632	0.3438	0.4045	0.4091	0.4027	0.4049	0.3915	0.3036	0.3929	0.3973	0.3919	0.3273	0.3409	0.2941	0.3303	0.3213	0.3227	0.3318	0.3364	0.2851	0.2805	0.3024	0.3575	0.2909	0.3518	0.3063	0.2488	0.3091
Beetle1	0.3694	0.3891	0.3682	0.3653	0.3801	0.3829	0.3604	0.3649	0.3032	0.3333	0.3288	0.4054	0.3571	0.5113	0.5202	0.5491	0.5357	0.5249	0.5893	0.5759	0.5516	0.5312	0.5556	0.6786	0.7321	1.0	0.5402	0.4866	0.5134	0.5402	0.4845	0.442	0.4821	0.4866	0.4753	0.4688	0.4118	0.442	0.4643	0.442	0.4821	0.4732	0.3901	0.4196	0.3795	0.4598	0.4688	0.473	0.3846	0.4072	0.3829	0.3468	0.4215	0.435	0.4126	0.417	0.417	0.4484	0.426	0.4395	0.4305	0.4215	0.4389	0.4484	0.417	0.426	0.4598	0.3901	0.3991	0.3348	0.4045	0.4136	0.3756	0.3951	0.3915	0.3214	0.3973	0.4018	0.3874	0.3591	0.3909	0.3213	0.3394	0.3529	0.3455	0.3273	0.3227	0.3258	0.2896	0.2878	0.362	0.3	0.3618	0.3153	0.2683	0.3409
Tse3	0.3901	0.4054	0.3801	0.3818	0.3874	0.3543	0.3587	0.3543	0.3108	0.3632	0.3498	0.4081	0.3742	0.4977	0.4843	0.5223	0.5045	0.5023	0.5179	0.5536	0.5381	0.5	0.5556	0.4847	0.5268	0.5402	1.0	0.4911	0.5134	0.5045	0.4485	0.4711	0.4933	0.5156	0.4554	0.44	0.4279	0.4667	0.4711	0.4667	0.4889	0.4622	0.3795	0.4178	0.4267	0.4533	0.4955	0.4933	0.3874	0.3919	0.3722	0.3677	0.442	0.4509	0.3929	0.4286	0.4241	0.4196	0.4107	0.4241	0.4286	0.4375	0.4369	0.4643	0.442	0.4598	0.4533	0.375	0.3929	0.3467	0.3891	0.3801	0.3919	0.3883	0.4319	0.36	0.4089	0.4133	0.3408	0.3484	0.4118	0.3333	0.3423	0.3694	0.3213	0.3258	0.3258	0.3378	0.3018	0.3398	0.3559	0.3122	0.35	0.3094	0.267	0.3303
Monkey	0.3649	0.3484	0.3182	0.3379	0.3348	0.3198	0.3153	0.2883	0.2443	0.3063	0.3018	0.3649	0.2922	0.5294	0.4395	0.5134	0.5089	0.5294	0.5491	0.5536	0.5516	0.5312	0.5417	0.4439	0.4554	0.4866	0.4911	1.0	0.6786	0.4464	0.6186	0.4821	0.4777	0.4955	0.4664	0.4955	0.4434	0.4732	0.4911	0.4286	0.4643	0.4509	0.3767	0.3973	0.4152	0.4464	0.5045	0.4459	0.3801	0.3801	0.3378	0.3378	0.3946	0.3722	0.3991	0.3812	0.3587	0.3901	0.3543	0.3901	0.3901	0.3722	0.4072	0.3991	0.3991	0.3901	0.3929	0.3543	0.3677	0.3259	0.3727	0.35	0.3665	0.361	0.3538	0.3527	0.3973	0.4018	0.3288	0.3545	0.3727	0.3303	0.2986	0.3575	0.3273	0.3455	0.3136	0.3439	0.2941	0.239	0.3122	0.3091	0.3417	0.2748	0.2439	0.3091
Galadriel	0.3604	0.3529	0.3455	0.3196	0.3213	0.3243	0.3378	0.3153	0.267	0.3288	0.2928	0.3739	0.3247	0.4842	0.4888	0.5	0.5134	0.5294	0.5491	0.558	0.5247	0.5089	0.5602	0.4694	0.4821	0.5134	0.5134	0.6786	1.0	0.4955	0.6031	0.4821	0.5	0.4821	0.4798	0.4911	0.4072	0.4688	0.4821	0.433	0.4911	0.4821	0.4081	0.4509	0.4464	0.4732	0.5	0.464	0.3937	0.3982	0.3288	0.3514	0.3767	0.3677	0.4081	0.4036	0.3857	0.3901	0.3901	0.426	0.4081	0.3857	0.4118	0.4036	0.3901	0.3946	0.4018	0.3094	0.3004	0.3393	0.3591	0.3455	0.362	0.3854	0.3585	0.3438	0.3929	0.3973	0.3784	0.3591	0.3591	0.3167	0.3167	0.3394	0.3364	0.3545	0.3227	0.3348	0.3258	0.2634	0.2941	0.2955	0.3216	0.2883	0.2341	0.3273
G-Rhodo	0.3378	0.3258	0.3545	0.3151	0.3665	0.3559	0.3288	0.3514	0.3032	0.3423	0.3018	0.3739	0.3442	0.4887	0.4888	0.5	0.4866	0.5158	0.5223	0.5179	0.5426	0.5179	0.4815	0.5153	0.5357	0.5402	0.5045	0.4464	0.4955	1.0	0.4639	0.4598	0.4688	0.4196	0.4484	0.433	0.3575	0.433	0.4732	0.4152	0.4777	0.4732	0.3722	0.4911	0.4107	0.3929	0.4598	0.4369	0.4344	0.4253	0.3784	0.3694	0.3901	0.3901	0.3901	0.3946	0.3946	0.4036	0.3857	0.4081	0.4081	0.3946	0.4027	0.4395	0.3991	0.4305	0.4018	0.3498	0.3677	0.3705	0.3818	0.3818	0.3891	0.3902	0.4434	0.3393	0.3571	0.3527	0.3739	0.3545	0.3727	0.3077	0.3213	0.3575	0.3091	0.3364	0.3045	0.2986	0.2941	0.3024	0.3258	0.2773	0.3467	0.2703	0.2634	0.3318
Tntom1	0.3212	0.3281	0.2984	0.3105	0.3177	0.2694	0.2694	0.2539	0.2228	0.2694	0.2591	0.3368	0.2697	0.4531	0.4352	0.4691	0.433	0.4974	0.4794	0.5103	0.5103	0.5	0.508	0.4483	0.4588	0.4845	0.4485	0.6186	0.6031	0.4639	1.0	0.4742	0.4845	0.4639	0.4249	0.4227	0.3874	0.4227	0.4536	0.4124	0.4175	0.4072	0.3627	0.3763	0.3814	0.4278	0.4485	0.3958	0.3298	0.3717	0.2969	0.3385	0.3299	0.3454	0.3608	0.3299	0.3041	0.3247	0.3144	0.3866	0.366	0.3866	0.4124	0.4227	0.3557	0.3402	0.3711	0.3299	0.3093	0.2577	0.3246	0.3455	0.3508	0.3212	0.3242	0.3402	0.3454	0.3505	0.349	0.3053	0.3526	0.3089	0.2984	0.3246	0.3211	0.3526	0.3105	0.3194	0.3037	0.285	0.2775	0.2694	0.2656	0.2656	0.2228	0.2827
Sushi-ichi	0.3318	0.3423	0.3258	0.3318	0.3198	0.3139	0.3229	0.2646	0.2793	0.3274	0.3049	0.3543	0.3032	0.4389	0.435	0.5	0.4598	0.4751	0.4598	0.4777	0.5022	0.4866	0.4676	0.4541	0.4732	0.442	0.4711	0.4821	0.4821	0.4598	0.4742	1.0	0.6533	0.5911	0.5179	0.4978	0.482	0.4889	0.5511	0.4978	0.4933	0.4756	0.3973	0.4844	0.4356	0.4489	0.4509	0.4126	0.4054	0.4054	0.3363	0.3587	0.3661	0.375	0.4107	0.3929	0.4018	0.4196	0.4241	0.4062	0.3973	0.4062	0.3964	0.3884	0.3884	0.375	0.4267	0.2812	0.2768	0.3467	0.3937	0.3529	0.3649	0.3689	0.3991	0.36	0.44	0.4356	0.3274	0.371	0.3665	0.2793	0.3468	0.3559	0.3258	0.3575	0.3439	0.3378	0.2703	0.301	0.3198	0.3258	0.305	0.287	0.267	0.3258
Amn-ni	0.317	0.3408	0.3288	0.3439	0.3498	0.3393	0.317	0.2991	0.2915	0.3482	0.3125	0.3527	0.3226	0.4344	0.4395	0.4509	0.4777	0.4615	0.4866	0.4777	0.4529	0.4375	0.4815	0.449	0.4643	0.4821	0.4933	0.4777	0.5	0.4688	0.4845	0.6533	1.0	0.6549	0.5422	0.5644	0.527	0.52	0.5333	0.4756	0.48	0.5289	0.4196	0.4756	0.4444	0.5111	0.433	0.4709	0.3514	0.3829	0.3543	0.3677	0.3733	0.3822	0.4222	0.4	0.3867	0.4	0.3911	0.4356	0.4178	0.4311	0.435	0.4044	0.3822	0.3867	0.4089	0.3022	0.3022	0.3289	0.4054	0.3784	0.3901	0.3495	0.3662	0.36	0.4444	0.4489	0.3363	0.3604	0.3604	0.2915	0.3139	0.3363	0.3333	0.3288	0.3243	0.3408	0.3004	0.2864	0.3063	0.3378	0.305	0.2915	0.267	0.3167
Amn-san	0.3527	0.3722	0.3919	0.371	0.3632	0.3527	0.3393	0.3304	0.3004	0.3527	0.3571	0.3884	0.3484	0.4706	0.4215	0.4688	0.4955	0.4977	0.5134	0.5045	0.5067	0.4911	0.4769	0.4592	0.4688	0.4866	0.5156	0.4955	0.4821	0.4196	0.4639	0.5911	0.6549	1.0	0.5956	0.5244	0.491	0.5022	0.5689	0.4889	0.48	0.4933	0.4286	0.4533	0.4178	0.5022	0.4955	0.4439	0.3288	0.3784	0.3363	0.3408	0.4133	0.3778	0.4133	0.3956	0.3911	0.4133	0.4044	0.4133	0.3956	0.4178	0.3991	0.4044	0.3733	0.4178	0.4222	0.3422	0.3289	0.36	0.3829	0.3874	0.3677	0.3398	0.3615	0.3511	0.4178	0.4222	0.3004	0.3829	0.3649	0.2915	0.3094	0.3587	0.3514	0.3243	0.3423	0.3274	0.3408	0.3107	0.3063	0.3333	0.33	0.3004	0.2913	0.3484
Amn-ichi	0.3587	0.3739	0.3937	0.3682	0.3784	0.3274	0.3004	0.287	0.2432	0.3184	0.3004	0.3274	0.2727	0.4182	0.4054	0.4933	0.4888	0.4455	0.4753	0.4798	0.491	0.4664	0.4698	0.4308	0.4619	0.4753	0.4554	0.4664	0.4798	0.4484	0.4249	0.5179	0.5422	0.5956	1.0	0.5089	0.457	0.5268	0.5536	0.4911	0.5312	0.5045	0.3991	0.4777	0.4375	0.4911	0.4395	0.4324	0.3801	0.4118	0.3243	0.3153	0.3661	0.3705	0.4062	0.3839	0.3795	0.4062	0.3839	0.4107	0.3929	0.4107	0.3694	0.3973	0.4062	0.3929	0.3973	0.3304	0.3393	0.3795	0.3982	0.3891	0.3919	0.3756	0.3915	0.3705	0.4777	0.4732	0.3153	0.3484	0.3575	0.3333	0.3378	0.3333	0.3394	0.3167	0.3167	0.3333	0.3288	0.2976	0.3348	0.3258	0.3467	0.2973	0.239	0.2864
Cgret	0.3363	0.3423	0.3394	0.3409	0.3243	0.3274	0.3139	0.3049	0.2748	0.3318	0.3049	0.3632	0.2968	0.4661	0.4753	0.4732	0.4777	0.457	0.4732	0.4688	0.4798	0.4732	0.4583	0.4694	0.4732	0.4688	0.44	0.4955	0.4911	0.433	0.4227	0.4978	0.5644	0.5244	0.5089	1.0	0.6396	0.6356	0.5333	0.48	0.5067	0.5467	0.4375	0.4756	0.4667	0.5556	0.4464	0.4574	0.4369	0.4189	0.3767	0.3722	0.4018	0.4241	0.4598	0.433	0.4241	0.4375	0.442	0.4643	0.4375	0.4554	0.4234	0.4241	0.4196	0.4152	0.4089	0.3214	0.3304	0.36	0.3846	0.4072	0.3739	0.3835	0.3897	0.3556	0.4578	0.4578	0.3812	0.371	0.3756	0.3243	0.3333	0.3468	0.3303	0.3077	0.2941	0.2973	0.2703	0.2816	0.3198	0.2986	0.325	0.287	0.2476	0.3348
Pyret	0.2727	0.274	0.2752	0.2811	0.2831	0.3273	0.2955	0.2682	0.2192	0.3136	0.3	0.3	0.2829	0.3807	0.3591	0.3756	0.4072	0.367	0.4208	0.3891	0.4182	0.4118	0.4038	0.4041	0.3846	0.4118	0.4279	0.4434	0.4072	0.3575	0.3874	0.482	0.527	0.491	0.457	0.6396	1.0	0.5811	0.4505	0.4595	0.4595	0.4595	0.4253	0.4009	0.3919	0.464	0.3937	0.4045	0.3288	0.347	0.3091	0.3091	0.3575	0.3439	0.3891	0.362	0.3394	0.371	0.3529	0.4072	0.3801	0.3937	0.3881	0.3801	0.3439	0.371	0.3604	0.2805	0.2986	0.2793	0.3486	0.3578	0.3196	0.3251	0.3571	0.3243	0.4234	0.4234	0.3045	0.2798	0.3119	0.2511	0.2694	0.2831	0.2798	0.2615	0.2385	0.2785	0.2329	0.2512	0.3059	0.3211	0.2741	0.2545	0.2315	0.2798
Skippy	0.3587	0.3423	0.3394	0.3364	0.3559	0.3363	0.3274	0.3094	0.2928	0.3184	0.3004	0.3408	0.3097	0.4434	0.417	0.4375	0.4464	0.4253	0.4732	0.4598	0.4709	0.4598	0.463	0.4541	0.433	0.442	0.4667	0.4732	0.4688	0.433	0.4227	0.4889	0.52	0.5022	0.5268	0.6356	0.5811	1.0	0.4978	0.4889	0.52	0.5333	0.4375	0.4622	0.4444	0.5244	0.4598	0.435	0.3874	0.3784	0.3274	0.3408	0.4018	0.3973	0.433	0.4286	0.4286	0.4509	0.4152	0.4107	0.3973	0.4062	0.4009	0.4107	0.4062	0.3929	0.4	0.3393	0.3571	0.3422	0.3846	0.3801	0.3829	0.4029	0.4038	0.3333	0.4756	0.4711	0.3453	0.3439	0.3665	0.2973	0.2973	0.3423	0.3167	0.3032	0.2851	0.3063	0.2748	0.267	0.3243	0.3122	0.295	0.3004	0.2476	0.3213
marY1	0.3677	0.3559	0.3801	0.3591	0.3604	0.3184	0.296	0.296	0.2793	0.3139	0.3004	0.3587	0.2968	0.457	0.426	0.4866	0.4955	0.4434	0.4464	0.4688	0.4888	0.4688	0.4815	0.4286	0.4375	0.4643	0.4711	0.4911	0.4821	0.4732	0.4536	0.5511	0.5333	0.5689	0.5536	0.5333	0.4505	0.4978	1.0	0.5022	0.5244	0.4978	0.4107	0.44	0.4444	0.4711	0.4554	0.4305	0.3784	0.3874	0.3722	0.3767	0.4018	0.3705	0.4018	0.375	0.375	0.3839	0.3661	0.4107	0.4018	0.4018	0.3919	0.4062	0.3795	0.3884	0.44	0.2991	0.3125	0.3778	0.3846	0.3484	0.3739	0.3495	0.338	0.3644	0.4178	0.4222	0.296	0.3846	0.3665	0.2973	0.3288	0.3198	0.3213	0.3348	0.3167	0.3333	0.3153	0.2767	0.3018	0.3032	0.325	0.2646	0.2573	0.3122
Dane-1	0.3184	0.3108	0.3077	0.2864	0.3063	0.3004	0.287	0.287	0.2432	0.296	0.2735	0.3094	0.2903	0.3846	0.4081	0.4107	0.4554	0.4434	0.4375	0.433	0.4843	0.4375	0.4491	0.4286	0.4375	0.442	0.4667	0.4286	0.433	0.4152	0.4124	0.4978	0.4756	0.4889	0.4911	0.48	0.4595	0.4889	0.5022	1.0	0.7156	0.5644	0.5	0.52	0.5067	0.4622	0.4018	0.3991	0.3694	0.3829	0.3274	0.3229	0.3438	0.3616	0.3929	0.3527	0.3482	0.3571	0.3616	0.4152	0.4018	0.4196	0.3964	0.4107	0.3571	0.3616	0.3778	0.2946	0.2812	0.32	0.3303	0.3394	0.3378	0.3738	0.3427	0.2978	0.3822	0.3867	0.3274	0.3439	0.3303	0.2568	0.2883	0.3198	0.2851	0.2851	0.3077	0.3063	0.2793	0.2864	0.2928	0.267	0.275	0.287	0.2621	0.2941
Maggy	0.3498	0.3333	0.3394	0.3318	0.3423	0.3408	0.3318	0.3318	0.2928	0.3543	0.3318	0.3453	0.3677	0.457	0.4215	0.4464	0.4688	0.4615	0.4732	0.4777	0.5157	0.4688	0.5046	0.4745	0.4732	0.4821	0.4889	0.4643	0.4911	0.4777	0.4175	0.4933	0.48	0.48	0.5312	0.5067	0.4595	0.52	0.5244	0.7156	1.0	0.5822	0.5179	0.5556	0.5467	0.4844	0.4554	0.426	0.4009	0.3964	0.3363	0.3408	0.3929	0.4286	0.4107	0.3839	0.3795	0.3973	0.3795	0.4286	0.4107	0.4509	0.4009	0.4241	0.375	0.4018	0.4	0.3125	0.3125	0.3511	0.4118	0.3937	0.4099	0.4078	0.3803	0.3467	0.4311	0.4267	0.3632	0.3575	0.3439	0.2973	0.3333	0.3423	0.3077	0.2986	0.3122	0.3198	0.3423	0.3447	0.3198	0.3077	0.31	0.3004	0.2718	0.3167
Real	0.3543	0.3919	0.3529	0.3227	0.3739	0.3184	0.3139	0.3184	0.2973	0.3049	0.2825	0.3498	0.3097	0.4208	0.426	0.4375	0.4688	0.4389	0.4598	0.442	0.4798	0.4554	0.4583	0.449	0.4688	0.4732	0.4622	0.4509	0.4821	0.4732	0.4072	0.4756	0.5289	0.4933	0.5045	0.5467	0.4595	0.5333	0.4978	0.5644	0.5822	1.0	0.7679	0.6222	0.5956	0.5289	0.4152	0.4305	0.3964	0.3919	0.3318	0.3453	0.4062	0.3884	0.4107	0.442	0.442	0.4509	0.433	0.433	0.4107	0.4018	0.4144	0.4152	0.3929	0.3929	0.4133	0.317	0.317	0.3644	0.3891	0.3756	0.4279	0.3738	0.3756	0.36	0.4089	0.4133	0.3363	0.3756	0.3575	0.3108	0.3243	0.3198	0.3077	0.3032	0.3122	0.3288	0.3018	0.301	0.3288	0.3167	0.31	0.296	0.2913	0.3394
Pyggy	0.2928	0.3077	0.2636	0.274	0.2986	0.2973	0.2703	0.2793	0.2579	0.2613	0.2523	0.2928	0.2987	0.3455	0.3423	0.3543	0.3812	0.3727	0.3857	0.3632	0.4054	0.3946	0.3814	0.3744	0.3767	0.3901	0.3795	0.3767	0.4081	0.3722	0.3627	0.3973	0.4196	0.4286	0.3991	0.4375	0.4253	0.4375	0.4107	0.5	0.5179	0.7679	1.0	0.5268	0.4688	0.4464	0.3363	0.3514	0.2941	0.3032	0.2658	0.3018	0.3184	0.3094	0.3318	0.3498	0.3543	0.3632	0.3543	0.3453	0.3318	0.3229	0.3348	0.3184	0.3318	0.3408	0.3393	0.2422	0.2377	0.2902	0.3318	0.3227	0.3348	0.3122	0.2736	0.2812	0.3527	0.3571	0.2658	0.3136	0.2955	0.2308	0.2489	0.2805	0.2409	0.2318	0.2409	0.2805	0.2579	0.2537	0.2624	0.2864	0.2362	0.2342	0.2732	0.2455
Grasshopper	0.3184	0.3423	0.3167	0.3	0.3243	0.3274	0.3229	0.3229	0.2838	0.3049	0.2825	0.3274	0.3548	0.4208	0.4305	0.442	0.4643	0.4118	0.4241	0.4152	0.4753	0.4196	0.3935	0.4133	0.433	0.4196	0.4178	0.3973	0.4509	0.4911	0.3763	0.4844	0.4756	0.4533	0.4777	0.4756	0.4009	0.4622	0.44	0.52	0.5556	0.6222	0.5268	1.0	0.4756	0.48	0.4152	0.3722	0.3964	0.3604	0.2915	0.278	0.375	0.3884	0.4018	0.3616	0.3795	0.3839	0.4018	0.4241	0.3884	0.3929	0.3829	0.3973	0.3705	0.4241	0.3511	0.3125	0.3214	0.3689	0.3846	0.3529	0.3784	0.3932	0.3897	0.3378	0.3956	0.3911	0.3498	0.362	0.3213	0.3153	0.3514	0.3514	0.3122	0.3213	0.3529	0.3018	0.2793	0.3398	0.3108	0.2624	0.29	0.2646	0.2573	0.3032
MGLR3	0.3543	0.3423	0.3348	0.2909	0.3333	0.3049	0.3049	0.296	0.2658	0.3049	0.2915	0.3722	0.2839	0.4163	0.4126	0.4062	0.4196	0.3937	0.4464	0.4598	0.4395	0.442	0.4491	0.3724	0.3839	0.3795	0.4267	0.4152	0.4464	0.4107	0.3814	0.4356	0.4444	0.4178	0.4375	0.4667	0.3919	0.4444	0.4444	0.5067	0.5467	0.5956	0.4688	0.4756	1.0	0.4711	0.4018	0.4395	0.4009	0.3874	0.3453	0.3587	0.3527	0.3616	0.4018	0.3616	0.3482	0.375	0.3482	0.3973	0.3929	0.3929	0.3919	0.3884	0.3438	0.3661	0.3911	0.2723	0.2857	0.3556	0.3484	0.3258	0.3649	0.3592	0.3662	0.3733	0.4133	0.4178	0.3722	0.3846	0.3846	0.3333	0.3243	0.3559	0.3394	0.3394	0.3575	0.3333	0.3243	0.3301	0.3198	0.3032	0.31	0.3094	0.301	0.3032
Cft-1	0.3677	0.3514	0.3394	0.3364	0.3559	0.3363	0.3408	0.3184	0.2793	0.3408	0.3004	0.3587	0.3355	0.4208	0.4126	0.4107	0.4598	0.4208	0.4643	0.4732	0.4709	0.4509	0.4537	0.4541	0.4509	0.4598	0.4533	0.4464	0.4732	0.3929	0.4278	0.4489	0.5111	0.5022	0.4911	0.5556	0.464	0.5244	0.4711	0.4622	0.4844	0.5289	0.4464	0.48	0.4711	1.0	0.4464	0.4036	0.3604	0.3604	0.3363	0.3229	0.3929	0.4018	0.3973	0.4107	0.3839	0.4107	0.3884	0.4598	0.4464	0.442	0.4369	0.4464	0.4509	0.4196	0.4133	0.3259	0.3304	0.3778	0.3801	0.3846	0.3604	0.3592	0.3662	0.3511	0.4311	0.4356	0.3498	0.362	0.3484	0.3063	0.3198	0.3018	0.3394	0.3439	0.3213	0.3468	0.3198	0.2913	0.3243	0.2896	0.305	0.3229	0.2379	0.3032
REM1	0.3694	0.3756	0.3955	0.3562	0.3484	0.3198	0.3468	0.3288	0.3032	0.3604	0.3468	0.3964	0.3506	0.4796	0.4933	0.4911	0.4777	0.4887	0.5223	0.5402	0.5381	0.5268	0.5139	0.4235	0.442	0.4688	0.4955	0.5045	0.5	0.4598	0.4485	0.4509	0.433	0.4955	0.4395	0.4464	0.3937	0.4598	0.4554	0.4018	0.4554	0.4152	0.3363	0.4152	0.4018	0.4464	1.0	0.4279	0.3937	0.3937	0.3604	0.3649	0.4126	0.4126	0.4081	0.3991	0.3991	0.3946	0.3587	0.4126	0.4081	0.4215	0.4027	0.3946	0.3946	0.4305	0.3795	0.3363	0.3363	0.3527	0.3864	0.3409	0.371	0.3659	0.3726	0.317	0.3661	0.3705	0.3604	0.3682	0.3591	0.3575	0.3303	0.3665	0.3227	0.3273	0.3182	0.3122	0.3077	0.2927	0.3122	0.3227	0.3417	0.2973	0.2341	0.2773
Ty3-1	0.4208	0.4	0.4247	0.3716	0.3727	0.3801	0.362	0.3394	0.2955	0.3575	0.3529	0.4163	0.3399	0.4658	0.4525	0.4685	0.464	0.3927	0.491	0.482	0.4615	0.4685	0.4813	0.4588	0.4775	0.473	0.4933	0.4459	0.464	0.4369	0.3958	0.4126	0.4709	0.4439	0.4324	0.4574	0.4045	0.435	0.4305	0.3991	0.426	0.4305	0.3514	0.3722	0.4395	0.4036	0.4279	1.0	0.4615	0.4661	0.4144	0.4163	0.4459	0.4459	0.464	0.4505	0.4279	0.4414	0.4279	0.4595	0.4685	0.4685	0.4818	0.4955	0.4505	0.4685	0.4395	0.3919	0.3919	0.3857	0.4818	0.4409	0.4253	0.3873	0.4151	0.3767	0.417	0.4215	0.3937	0.3318	0.4091	0.3348	0.3982	0.3529	0.3455	0.3318	0.3045	0.3077	0.3303	0.3024	0.3982	0.3425	0.36	0.3423	0.2843	0.3333
Gmr1	0.3591	0.3516	0.3349	0.318	0.3333	0.3636	0.3364	0.3136	0.2877	0.3273	0.3182	0.3818	0.3007	0.3945	0.3818	0.3846	0.4072	0.3486	0.3937	0.3891	0.4091	0.4027	0.3756	0.4041	0.4208	0.3846	0.3874	0.3801	0.3937	0.4344	0.3298	0.4054	0.3514	0.3288	0.3801	0.4369	0.3288	0.3874	0.3784	0.3694	0.4009	0.3964	0.2941	0.3964	0.4009	0.3604	0.3937	0.4615	1.0	0.6847	0.3955	0.3909	0.4072	0.3937	0.4208	0.4163	0.4163	0.4163	0.3891	0.4299	0.4118	0.4163	0.3973	0.4118	0.4163	0.3891	0.3423	0.3348	0.3394	0.3874	0.3973	0.3836	0.3773	0.4559	0.3934	0.3468	0.3739	0.3694	0.4072	0.3578	0.3853	0.3744	0.4155	0.3881	0.3394	0.3394	0.3486	0.3425	0.3014	0.3137	0.3455	0.289	0.3232	0.3045	0.2857	0.3607
rGmr1	0.3864	0.3973	0.3761	0.3548	0.3562	0.3773	0.35	0.3136	0.2968	0.3136	0.3045	0.4	0.3399	0.3945	0.3636	0.4027	0.4072	0.3578	0.4027	0.4118	0.4136	0.4027	0.4038	0.4145	0.3982	0.4072	0.3919	0.3801	0.3982	0.4253	0.3717	0.4054	0.3829	0.3784	0.4118	0.4189	0.347	0.3784	0.3874	0.3829	0.3964	0.3919	0.3032	0.3604	0.3874	0.3604	0.3937	0.4661	0.6847	1.0	0.3955	0.3955	0.3846	0.3801	0.3982	0.4118	0.3982	0.4027	0.4072	0.4434	0.4299	0.457	0.411	0.4253	0.4389	0.3982	0.3829	0.3484	0.3575	0.3784	0.4018	0.379	0.3682	0.4363	0.3934	0.3423	0.3468	0.3514	0.3937	0.3165	0.4037	0.3607	0.3562	0.3699	0.3303	0.3119	0.3028	0.3151	0.3151	0.3137	0.3545	0.2936	0.3384	0.3273	0.3005	0.3516
Cer2	0.3213	0.3318	0.3562	0.3257	0.35	0.3665	0.3348	0.3258	0.2864	0.3575	0.3213	0.3529	0.3072	0.3607	0.3439	0.3649	0.3739	0.3607	0.4009	0.3964	0.371	0.3829	0.3785	0.3402	0.3378	0.3829	0.3722	0.3378	0.3288	0.3784	0.2969	0.3363	0.3543	0.3363	0.3243	0.3767	0.3091	0.3274	0.3722	0.3274	0.3363	0.3318	0.2658	0.2915	0.3453	0.3363	0.3604	0.4144	0.3955	0.3955	1.0	0.8243	0.3919	0.3694	0.3874	0.3964	0.3964	0.3874	0.3784	0.4189	0.4324	0.4144	0.3955	0.4099	0.4009	0.3829	0.3946	0.3559	0.3604	0.3677	0.3607	0.3562	0.3636	0.3529	0.4009	0.3408	0.3229	0.3274	0.3122	0.3032	0.3529	0.3333	0.3198	0.3739	0.3394	0.3258	0.3122	0.2973	0.3739	0.3382	0.3318	0.3136	0.3367	0.3049	0.3186	0.3425
Cer3	0.3213	0.3273	0.3516	0.3257	0.3455	0.3258	0.3077	0.3077	0.2682	0.3439	0.2986	0.3439	0.3007	0.347	0.3348	0.3559	0.3784	0.3379	0.3649	0.3874	0.3575	0.3739	0.3692	0.3402	0.3333	0.3468	0.3677	0.3378	0.3514	0.3694	0.3385	0.3587	0.3677	0.3408	0.3153	0.3722	0.3091	0.3408	0.3767	0.3229	0.3408	0.3453	0.3018	0.278	0.3587	0.3229	0.3649	0.4163	0.3909	0.3955	0.8243	1.0	0.3874	0.3739	0.3919	0.4144	0.3964	0.4009	0.3559	0.4414	0.4459	0.4324	0.4	0.4234	0.3829	0.3784	0.4036	0.3649	0.3559	0.3543	0.3516	0.3562	0.3818	0.348	0.4076	0.3229	0.3229	0.3274	0.3348	0.3136	0.3727	0.3439	0.3394	0.3529	0.3182	0.3227	0.3091	0.3032	0.3891	0.3382	0.3182	0.3091	0.3535	0.3153	0.3088	0.3333
HMS-Beagle	0.3812	0.4144	0.3665	0.35	0.3694	0.3587	0.3767	0.3408	0.3153	0.3677	0.3453	0.3812	0.3806	0.4318	0.4144	0.4036	0.4619	0.4091	0.4126	0.4126	0.4414	0.435	0.4279	0.4205	0.426	0.4215	0.442	0.3946	0.3767	0.3901	0.3299	0.3661	0.3733	0.4133	0.3661	0.4018	0.3575	0.4018	0.4018	0.3438	0.3929	0.4062	0.3184	0.375	0.3527	0.3929	0.4126	0.4459	0.4072	0.3846	0.3919	0.3874	1.0	0.7378	0.6222	0.5956	0.5867	0.5644	0.5778	0.5644	0.5467	0.5511	0.5202	0.5378	0.5022	0.5289	0.4018	0.4444	0.4267	0.4152	0.4118	0.3937	0.4369	0.4078	0.3821	0.3571	0.3705	0.3661	0.3694	0.3348	0.3801	0.3288	0.3559	0.3604	0.2986	0.3122	0.3122	0.2928	0.3288	0.3204	0.3756	0.3333	0.385	0.3063	0.2718	0.3682
Yoyo	0.3767	0.3874	0.3529	0.35	0.3468	0.3318	0.3543	0.3274	0.2883	0.3677	0.3318	0.3453	0.3742	0.4364	0.4369	0.4126	0.4529	0.4045	0.417	0.3991	0.4595	0.426	0.4233	0.4359	0.435	0.435	0.4509	0.3722	0.3677	0.3901	0.3454	0.375	0.3822	0.3778	0.3705	0.4241	0.3439	0.3973	0.3705	0.3616	0.4286	0.3884	0.3094	0.3884	0.3616	0.4018	0.4126	0.4459	0.3937	0.3801	0.3694	0.3739	0.7378	1.0	0.6	0.5956	0.5956	0.5733	0.5956	0.5644	0.56	0.5511	0.5291	0.5333	0.4978	0.5511	0.4464	0.4222	0.4178	0.4241	0.4208	0.3801	0.3919	0.4126	0.4057	0.3304	0.3482	0.3438	0.4189	0.3348	0.362	0.3378	0.3468	0.3378	0.2986	0.3348	0.3122	0.3108	0.3063	0.3592	0.3801	0.3288	0.325	0.3198	0.2476	0.3455
Nomad	0.3857	0.4234	0.3891	0.35	0.3874	0.3632	0.3946	0.3587	0.3108	0.3632	0.3498	0.3587	0.3742	0.4545	0.4279	0.3991	0.4305	0.3864	0.4036	0.417	0.4054	0.3901	0.4093	0.4154	0.4305	0.4126	0.3929	0.3991	0.4081	0.3901	0.3608	0.4107	0.4222	0.4133	0.4062	0.4598	0.3891	0.433	0.4018	0.3929	0.4107	0.4107	0.3318	0.4018	0.4018	0.3973	0.4081	0.464	0.4208	0.3982	0.3874	0.3919	0.6222	0.6	1.0	0.5911	0.5822	0.5867	0.56	0.5644	0.5689	0.56	0.4798	0.5111	0.5111	0.5289	0.4062	0.4178	0.4044	0.3705	0.3937	0.4072	0.3919	0.4126	0.434	0.3616	0.3884	0.3839	0.3829	0.3665	0.3484	0.3514	0.3559	0.3423	0.3167	0.3348	0.3077	0.2973	0.3559	0.335	0.3258	0.3829	0.355	0.3063	0.2718	0.3364
Gypsyvir	0.3632	0.3919	0.362	0.3455	0.3739	0.3453	0.3318	0.3184	0.2973	0.3543	0.3318	0.3901	0.329	0.3864	0.3874	0.3991	0.4215	0.3909	0.3901	0.3991	0.4009	0.3812	0.3767	0.4	0.426	0.417	0.4286	0.3812	0.4036	0.3946	0.3299	0.3929	0.4	0.3956	0.3839	0.433	0.362	0.4286	0.375	0.3527	0.3839	0.442	0.3498	0.3616	0.3616	0.4107	0.3991	0.4505	0.4163	0.4118	0.3964	0.4144	0.5956	0.5956	0.5911	1.0	0.8578	0.7511	0.68	0.5511	0.52	0.4933	0.4439	0.48	0.4889	0.5422	0.4152	0.4444	0.4178	0.3705	0.3801	0.3801	0.3784	0.3932	0.3774	0.3304	0.3571	0.3527	0.3829	0.3484	0.3756	0.3018	0.3739	0.3243	0.3303	0.3032	0.3077	0.3198	0.3243	0.2913	0.3394	0.3243	0.32	0.3378	0.2621	0.3455
Gypsy	0.3543	0.4009	0.3575	0.3364	0.3784	0.3363	0.3274	0.3184	0.2883	0.3318	0.3184	0.3677	0.3355	0.3864	0.4099	0.3812	0.4215	0.3818	0.3812	0.3767	0.3919	0.3767	0.386	0.3795	0.4081	0.417	0.4241	0.3587	0.3857	0.3946	0.3041	0.4018	0.3867	0.3911	0.3795	0.4241	0.3394	0.4286	0.375	0.3482	0.3795	0.442	0.3543	0.3795	0.3482	0.3839	0.3991	0.4279	0.4163	0.3982	0.3964	0.3964	0.5867	0.5956	0.5822	0.8578	1.0	0.7689	0.7156	0.52	0.4978	0.4756	0.426	0.4533	0.4889	0.5156	0.4018	0.4089	0.4	0.3438	0.371	0.3801	0.3604	0.3932	0.3915	0.308	0.3482	0.3438	0.3784	0.3529	0.3484	0.2883	0.3514	0.3288	0.2986	0.2986	0.2851	0.3063	0.3108	0.2718	0.3348	0.3378	0.305	0.3198	0.267	0.3455
Springer	0.3498	0.3874	0.3529	0.3364	0.3694	0.3408	0.3229	0.3184	0.2883	0.3363	0.3229	0.3677	0.3419	0.4091	0.4054	0.3901	0.4529	0.4045	0.4036	0.3946	0.4099	0.3991	0.386	0.4154	0.4305	0.4484	0.4196	0.3901	0.3901	0.4036	0.3247	0.4196	0.4	0.4133	0.4062	0.4375	0.371	0.4509	0.3839	0.3571	0.3973	0.4509	0.3632	0.3839	0.375	0.4107	0.3946	0.4414	0.4163	0.4027	0.3874	0.4009	0.5644	0.5733	0.5867	0.7511	0.7689	1.0	0.6844	0.52	0.5022	0.4889	0.435	0.4889	0.4756	0.52	0.4062	0.3911	0.4044	0.3929	0.3846	0.3801	0.3739	0.4175	0.3915	0.3304	0.3795	0.375	0.4054	0.3665	0.3348	0.2973	0.3378	0.3423	0.3213	0.3167	0.2896	0.3063	0.3063	0.2864	0.3394	0.3468	0.335	0.3288	0.2864	0.3818
Burdock	0.3543	0.3919	0.362	0.3364	0.3559	0.3318	0.3408	0.3184	0.2928	0.3139	0.3049	0.3498	0.3355	0.3773	0.4009	0.3901	0.4081	0.3955	0.3857	0.3767	0.4009	0.3812	0.386	0.3795	0.4081	0.426	0.4107	0.3543	0.3901	0.3857	0.3144	0.4241	0.3911	0.4044	0.3839	0.442	0.3529	0.4152	0.3661	0.3616	0.3795	0.433	0.3543	0.4018	0.3482	0.3884	0.3587	0.4279	0.3891	0.4072	0.3784	0.3559	0.5778	0.5956	0.56	0.68	0.7156	0.6844	1.0	0.4933	0.4889	0.4844	0.4439	0.4622	0.5067	0.5333	0.3884	0.4089	0.3956	0.3795	0.3756	0.371	0.3514	0.4078	0.3915	0.308	0.3438	0.3393	0.3468	0.3258	0.3484	0.2973	0.3333	0.3243	0.3122	0.3394	0.2941	0.3063	0.2973	0.3058	0.3756	0.3288	0.3	0.3063	0.2913	0.3409
297	0.3946	0.4054	0.4027	0.3727	0.3784	0.3722	0.3677	0.296	0.2883	0.3543	0.3318	0.3767	0.3484	0.4364	0.4595	0.435	0.4798	0.4091	0.4215	0.4215	0.4414	0.4036	0.4326	0.441	0.4484	0.4395	0.4241	0.3901	0.426	0.4081	0.3866	0.4062	0.4356	0.4133	0.4107	0.4643	0.4072	0.4107	0.4107	0.4152	0.4286	0.433	0.3453	0.4241	0.3973	0.4598	0.4126	0.4595	0.4299	0.4434	0.4189	0.4414	0.5644	0.5644	0.5644	0.5511	0.52	0.52	0.4933	1.0	0.9022	0.8444	0.704	0.7244	0.6356	0.6178	0.4152	0.4267	0.4222	0.4107	0.4344	0.4118	0.4234	0.4175	0.3915	0.3929	0.375	0.3705	0.4099	0.3575	0.3665	0.3378	0.3423	0.3423	0.3394	0.3484	0.3303	0.3288	0.3423	0.3301	0.3846	0.3018	0.375	0.3288	0.2427	0.35
Tom	0.417	0.4099	0.4253	0.3909	0.3964	0.3677	0.3632	0.3184	0.3063	0.3722	0.3453	0.3812	0.3677	0.4364	0.455	0.4305	0.4798	0.3909	0.4305	0.4215	0.4459	0.4126	0.4233	0.4308	0.435	0.4305	0.4286	0.3901	0.4081	0.4081	0.366	0.3973	0.4178	0.3956	0.3929	0.4375	0.3801	0.3973	0.4018	0.4018	0.4107	0.4107	0.3318	0.3884	0.3929	0.4464	0.4081	0.4685	0.4118	0.4299	0.4324	0.4459	0.5467	0.56	0.5689	0.52	0.4978	0.5022	0.4889	0.9022	1.0	0.8222	0.6861	0.7111	0.6267	0.6	0.4241	0.4356	0.4311	0.3884	0.4525	0.3982	0.4414	0.4175	0.3821	0.3973	0.3616	0.3571	0.4189	0.3665	0.371	0.3378	0.3333	0.3423	0.3484	0.3665	0.3484	0.3378	0.3514	0.3495	0.3756	0.3063	0.36	0.3243	0.2524	0.3409
17.6	0.4036	0.4099	0.4208	0.4	0.3919	0.3632	0.3677	0.3004	0.2928	0.3632	0.3363	0.3767	0.3806	0.4455	0.4369	0.435	0.4529	0.3955	0.435	0.4215	0.464	0.4395	0.4233	0.4462	0.4439	0.4215	0.4375	0.3722	0.3857	0.3946	0.3866	0.4062	0.4311	0.4178	0.4107	0.4554	0.3937	0.4062	0.4018	0.4196	0.4509	0.4018	0.3229	0.3929	0.3929	0.442	0.4215	0.4685	0.4163	0.457	0.4144	0.4324	0.5511	0.5511	0.56	0.4933	0.4756	0.4889	0.4844	0.8444	0.8222	1.0	0.6996	0.7467	0.6667	0.6133	0.4286	0.4533	0.4444	0.4018	0.4208	0.3891	0.4009	0.4078	0.4104	0.3929	0.3705	0.3661	0.4279	0.3439	0.3846	0.3423	0.3604	0.3423	0.3439	0.3484	0.3303	0.3108	0.3333	0.3495	0.4027	0.3288	0.38	0.3243	0.267	0.3318
Tv1	0.3982	0.3864	0.3881	0.3761	0.3636	0.3756	0.3756	0.2986	0.3045	0.3394	0.3213	0.3801	0.3613	0.4037	0.45	0.4072	0.4661	0.4037	0.448	0.4434	0.4545	0.4389	0.446	0.4404	0.4344	0.4389	0.4369	0.4072	0.4118	0.4027	0.4124	0.3964	0.435	0.3991	0.3694	0.4234	0.3881	0.4009	0.3919	0.3964	0.4009	0.4144	0.3348	0.3829	0.3919	0.4369	0.4027	0.4818	0.3973	0.411	0.3955	0.4	0.5202	0.5291	0.4798	0.4439	0.426	0.435	0.4439	0.704	0.6861	0.6996	1.0	0.7982	0.6099	0.6099	0.4099	0.4215	0.4036	0.3604	0.4045	0.3699	0.4045	0.3932	0.3762	0.3739	0.3559	0.3514	0.3818	0.3379	0.3516	0.3318	0.3545	0.3364	0.3242	0.3242	0.3196	0.3182	0.3318	0.3301	0.3927	0.3227	0.34	0.3227	0.2718	0.2936
Idefix	0.4036	0.3919	0.3982	0.3636	0.3739	0.3857	0.3812	0.3318	0.3063	0.3498	0.3363	0.417	0.3806	0.4455	0.4459	0.4395	0.4798	0.4136	0.4305	0.4395	0.464	0.4305	0.4372	0.4564	0.4619	0.4484	0.4643	0.3991	0.4036	0.4395	0.4227	0.3884	0.4044	0.4044	0.3973	0.4241	0.3801	0.4107	0.4062	0.4107	0.4241	0.4152	0.3184	0.3973	0.3884	0.4464	0.3946	0.4955	0.4118	0.4253	0.4099	0.4234	0.5378	0.5333	0.5111	0.48	0.4533	0.4889	0.4622	0.7244	0.7111	0.7467	0.7982	1.0	0.6267	0.6089	0.433	0.4667	0.4667	0.3884	0.3982	0.3801	0.4279	0.4175	0.4198	0.4286	0.3438	0.3393	0.4144	0.3484	0.362	0.3108	0.3829	0.3243	0.3439	0.3529	0.3394	0.3153	0.3378	0.3641	0.3801	0.3243	0.355	0.3198	0.2767	0.3182
Ted	0.4215	0.4234	0.3891	0.3909	0.3964	0.3587	0.3498	0.296	0.2928	0.3094	0.3004	0.3722	0.3161	0.4227	0.4505	0.4215	0.3991	0.3818	0.435	0.3857	0.4189	0.417	0.4	0.4051	0.3946	0.417	0.442	0.3991	0.3901	0.3991	0.3557	0.3884	0.3822	0.3733	0.4062	0.4196	0.3439	0.4062	0.3795	0.3571	0.375	0.3929	0.3318	0.3705	0.3438	0.4509	0.3946	0.4505	0.4163	0.4389	0.4009	0.3829	0.5022	0.4978	0.5111	0.4889	0.4889	0.4756	0.5067	0.6356	0.6267	0.6667	0.6099	0.6267	1.0	0.6622	0.4464	0.4133	0.4089	0.3616	0.4525	0.3937	0.3964	0.4369	0.434	0.4062	0.3616	0.3571	0.3694	0.3394	0.3801	0.3604	0.3649	0.3288	0.3439	0.3439	0.3439	0.3243	0.3288	0.3252	0.3982	0.3243	0.365	0.3378	0.2621	0.35
Zam	0.4036	0.4144	0.4118	0.3818	0.3874	0.3812	0.3812	0.3318	0.3108	0.3498	0.3408	0.3632	0.3806	0.4136	0.4459	0.4305	0.435	0.3955	0.4395	0.426	0.464	0.4395	0.414	0.4256	0.426	0.426	0.4598	0.3901	0.3946	0.4305	0.3402	0.375	0.3867	0.4178	0.3929	0.4152	0.371	0.3929	0.3884	0.3616	0.4018	0.3929	0.3408	0.4241	0.3661	0.4196	0.4305	0.4685	0.3891	0.3982	0.3829	0.3784	0.5289	0.5511	0.5289	0.5422	0.5156	0.52	0.5333	0.6178	0.6	0.6133	0.6099	0.6089	0.6622	1.0	0.4062	0.4311	0.4222	0.4286	0.4434	0.3891	0.4054	0.4223	0.4057	0.3527	0.3571	0.3527	0.3874	0.3394	0.3303	0.3243	0.3423	0.3423	0.3348	0.3258	0.3258	0.2973	0.3288	0.3107	0.3846	0.3468	0.355	0.3153	0.2476	0.3455
Mdg3	0.4036	0.4099	0.3891	0.3864	0.3829	0.3587	0.3677	0.3498	0.2883	0.3632	0.3408	0.3857	0.3355	0.3982	0.4081	0.4196	0.4107	0.371	0.433	0.3973	0.4036	0.3839	0.4398	0.4031	0.4062	0.4598	0.4533	0.3929	0.4018	0.4018	0.3711	0.4267	0.4089	0.4222	0.3973	0.4089	0.3604	0.4	0.44	0.3778	0.4	0.4133	0.3393	0.3511	0.3911	0.4133	0.3795	0.4395	0.3423	0.3829	0.3946	0.4036	0.4018	0.4464	0.4062	0.4152	0.4018	0.4062	0.3884	0.4152	0.4241	0.4286	0.4099	0.433	0.4464	0.4062	1.0	0.3661	0.3839	0.3644	0.3891	0.3665	0.3784	0.3738	0.4272	0.4311	0.3867	0.3911	0.3632	0.3484	0.3937	0.3423	0.3514	0.3514	0.3529	0.3665	0.3303	0.3739	0.3423	0.3204	0.3378	0.2805	0.335	0.3274	0.2718	0.3303
412	0.3991	0.3964	0.362	0.3818	0.3784	0.3408	0.3318	0.3184	0.2613	0.296	0.2735	0.3274	0.3032	0.3364	0.3333	0.3453	0.3543	0.3409	0.3632	0.3498	0.3784	0.3722	0.3395	0.3333	0.3587	0.3901	0.375	0.3543	0.3094	0.3498	0.3299	0.2812	0.3022	0.3422	0.3304	0.3214	0.2805	0.3393	0.2991	0.2946	0.3125	0.317	0.2422	0.3125	0.2723	0.3259	0.3363	0.3919	0.3348	0.3484	0.3559	0.3649	0.4444	0.4222	0.4178	0.4444	0.4089	0.3911	0.4089	0.4267	0.4356	0.4533	0.4215	0.4667	0.4133	0.4311	0.3661	1.0	0.8578	0.3482	0.3348	0.3258	0.3423	0.3932	0.3632	0.308	0.2946	0.2902	0.3423	0.3077	0.3213	0.2973	0.3378	0.3423	0.3213	0.3213	0.3213	0.2928	0.3514	0.3252	0.371	0.2973	0.33	0.3468	0.2282	0.2864
Mdg1	0.4036	0.3829	0.371	0.3682	0.3649	0.3408	0.3363	0.3363	0.2748	0.287	0.2735	0.3274	0.3032	0.3591	0.3423	0.3857	0.3632	0.3364	0.3587	0.3543	0.3649	0.3677	0.3395	0.3385	0.3632	0.3991	0.3929	0.3677	0.3004	0.3677	0.3093	0.2768	0.3022	0.3289	0.3393	0.3304	0.2986	0.3571	0.3125	0.2812	0.3125	0.317	0.2377	0.3214	0.2857	0.3304	0.3363	0.3919	0.3394	0.3575	0.3604	0.3559	0.4267	0.4178	0.4044	0.4178	0.4	0.4044	0.3956	0.4222	0.4311	0.4444	0.4036	0.4667	0.4089	0.4222	0.3839	0.8578	1.0	0.3616	0.3258	0.3303	0.3378	0.4029	0.3726	0.3125	0.308	0.3036	0.3423	0.3258	0.3439	0.3288	0.3468	0.3514	0.2941	0.3122	0.2986	0.2928	0.3243	0.335	0.3756	0.2973	0.325	0.3468	0.233	0.3045
Cer1	0.3857	0.3288	0.3575	0.3409	0.3378	0.3049	0.2915	0.2825	0.2207	0.3049	0.2915	0.3004	0.2645	0.3846	0.3812	0.4286	0.4062	0.3529	0.3705	0.3705	0.3812	0.3884	0.3565	0.3316	0.3438	0.3348	0.3467	0.3259	0.3393	0.3705	0.2577	0.3467	0.3289	0.36	0.3795	0.36	0.2793	0.3422	0.3778	0.32	0.3511	0.3644	0.2902	0.3689	0.3556	0.3778	0.3527	0.3857	0.3874	0.3784	0.3677	0.3543	0.4152	0.4241	0.3705	0.3705	0.3438	0.3929	0.3795	0.4107	0.3884	0.4018	0.3604	0.3884	0.3616	0.4286	0.3644	0.3482	0.3616	1.0	0.3032	0.3213	0.3288	0.3689	0.3615	0.3511	0.3467	0.3422	0.3184	0.3665	0.3801	0.3874	0.3694	0.3829	0.2986	0.3303	0.3167	0.2883	0.2838	0.3301	0.3198	0.267	0.335	0.2915	0.2184	0.3122
CsRN1	0.3591	0.3562	0.3578	0.3456	0.3425	0.35	0.3318	0.2909	0.2922	0.3318	0.3	0.3591	0.3464	0.4194	0.3744	0.4227	0.4136	0.3594	0.3727	0.4	0.4064	0.4	0.4104	0.4062	0.4045	0.4045	0.3891	0.3727	0.3591	0.3818	0.3246	0.3937	0.4054	0.3829	0.3982	0.3846	0.3486	0.3846	0.3846	0.3303	0.4118	0.3891	0.3318	0.3846	0.3484	0.3801	0.3864	0.4818	0.3973	0.4018	0.3607	0.3516	0.4118	0.4208	0.3937	0.3801	0.371	0.3846	0.3756	0.4344	0.4525	0.4208	0.4045	0.3982	0.4525	0.4434	0.3891	0.3348	0.3258	0.3032	1.0	0.5928	0.5766	0.4089	0.3541	0.3032	0.362	0.3575	0.3379	0.3242	0.3699	0.3333	0.3379	0.3516	0.3607	0.3379	0.3379	0.3425	0.3105	0.3235	0.35	0.3165	0.3131	0.2603	0.2843	0.3318
Boudicca	0.3273	0.3242	0.3303	0.3041	0.3288	0.3136	0.3409	0.3	0.2773	0.3091	0.3	0.3727	0.3399	0.4055	0.3607	0.3818	0.3818	0.3687	0.3727	0.4	0.379	0.3727	0.4009	0.4197	0.4091	0.4136	0.3801	0.35	0.3455	0.3818	0.3455	0.3529	0.3784	0.3874	0.3891	0.4072	0.3578	0.3801	0.3484	0.3394	0.3937	0.3756	0.3227	0.3529	0.3258	0.3846	0.3409	0.4409	0.3836	0.379	0.3562	0.3562	0.3937	0.3801	0.4072	0.3801	0.3801	0.3801	0.371	0.4118	0.3982	0.3891	0.3699	0.3801	0.3937	0.3891	0.3665	0.3258	0.3303	0.3213	0.5928	1.0	0.4955	0.3861	0.3636	0.2941	0.3348	0.3303	0.3333	0.3242	0.3562	0.3242	0.3196	0.3699	0.3562	0.3516	0.3516	0.2922	0.2831	0.3054	0.3136	0.3028	0.3081	0.2922	0.2709	0.3134
Kabuki	0.3529	0.3455	0.3516	0.3257	0.3318	0.3167	0.3167	0.2986	0.3	0.2986	0.2896	0.3439	0.3399	0.4037	0.3636	0.3756	0.3937	0.3624	0.3756	0.3756	0.3864	0.3801	0.3709	0.399	0.4027	0.3756	0.3919	0.3665	0.362	0.3891	0.3508	0.3649	0.3901	0.3677	0.3919	0.3739	0.3196	0.3829	0.3739	0.3378	0.4099	0.4279	0.3348	0.3784	0.3649	0.3604	0.371	0.4253	0.3773	0.3682	0.3636	0.3818	0.4369	0.3919	0.3919	0.3784	0.3604	0.3739	0.3514	0.4234	0.4414	0.4009	0.4045	0.4279	0.3964	0.4054	0.3784	0.3423	0.3378	0.3288	0.5766	0.4955	1.0	0.3793	0.3714	0.3423	0.3649	0.3604	0.3455	0.3273	0.3455	0.3318	0.3318	0.3591	0.3227	0.3545	0.3364	0.3364	0.3364	0.3382	0.3122	0.2603	0.3182	0.2455	0.2451	0.3073
Osvaldo	0.3971	0.3645	0.3762	0.3731	0.3498	0.3756	0.3756	0.3561	0.2843	0.3512	0.3073	0.3951	0.3548	0.3663	0.348	0.3756	0.4049	0.3564	0.3707	0.3756	0.4195	0.3902	0.3939	0.4068	0.4049	0.3951	0.3883	0.361	0.3854	0.3902	0.3212	0.3689	0.3495	0.3398	0.3756	0.3835	0.3251	0.4029	0.3495	0.3738	0.4078	0.3738	0.3122	0.3932	0.3592	0.3592	0.3659	0.3873	0.4559	0.4363	0.3529	0.348	0.4078	0.4126	0.4126	0.3932	0.3932	0.4175	0.4078	0.4175	0.4175	0.4078	0.3932	0.4175	0.4369	0.4223	0.3738	0.3932	0.4029	0.3689	0.4089	0.3861	0.3793	1.0	0.3969	0.3155	0.3495	0.3447	0.3951	0.3168	0.3614	0.3399	0.3399	0.3399	0.3861	0.3663	0.3614	0.3448	0.3448	0.3463	0.3202	0.3431	0.2965	0.2892	0.2683	0.3744
Micropia	0.3697	0.3381	0.378	0.3269	0.3524	0.327	0.3223	0.2844	0.2571	0.3223	0.2986	0.3223	0.3497	0.3876	0.3555	0.3679	0.3821	0.3301	0.4245	0.3821	0.4076	0.4151	0.3824	0.3859	0.3915	0.3915	0.4319	0.3538	0.3585	0.4434	0.3242	0.3991	0.3662	0.3615	0.3915	0.3897	0.3571	0.4038	0.338	0.3427	0.3803	0.3756	0.2736	0.3897	0.3662	0.3662	0.3726	0.4151	0.3934	0.3934	0.4009	0.4076	0.3821	0.4057	0.434	0.3774	0.3915	0.3915	0.3915	0.3915	0.3821	0.4104	0.3762	0.4198	0.434	0.4057	0.4272	0.3632	0.3726	0.3615	0.3541	0.3636	0.3714	0.3969	1.0	0.3709	0.338	0.3333	0.3774	0.3048	0.3429	0.3033	0.327	0.3175	0.2714	0.2714	0.2714	0.2938	0.2891	0.3402	0.3571	0.3158	0.2963	0.3113	0.2577	0.2871
Blastopia	0.3318	0.2973	0.3348	0.3136	0.3153	0.2511	0.2466	0.2466	0.1982	0.2556	0.2466	0.3004	0.2194	0.3439	0.3318	0.3438	0.3438	0.2986	0.3304	0.3214	0.3677	0.3393	0.3287	0.301	0.3036	0.3214	0.36	0.3527	0.3438	0.3393	0.3402	0.36	0.36	0.3511	0.3705	0.3556	0.3243	0.3333	0.3644	0.2978	0.3467	0.36	0.2812	0.3378	0.3733	0.3511	0.317	0.3767	0.3468	0.3423	0.3408	0.3229	0.3571	0.3304	0.3616	0.3304	0.308	0.3304	0.308	0.3929	0.3973	0.3929	0.3739	0.4286	0.4062	0.3527	0.4311	0.308	0.3125	0.3511	0.3032	0.2941	0.3423	0.3155	0.3709	1.0	0.3244	0.32	0.3184	0.3258	0.3348	0.2883	0.2973	0.3108	0.3258	0.2851	0.2805	0.3243	0.3108	0.3107	0.3018	0.2534	0.31	0.2556	0.2379	0.2489
TF2	0.3453	0.3423	0.3303	0.3	0.3243	0.3229	0.296	0.278	0.2342	0.3049	0.2915	0.3049	0.2645	0.4163	0.3857	0.3973	0.4196	0.3846	0.4286	0.4107	0.4036	0.3884	0.4352	0.3878	0.3929	0.3973	0.4089	0.3973	0.3929	0.3571	0.3454	0.44	0.4444	0.4178	0.4777	0.4578	0.4234	0.4756	0.4178	0.3822	0.4311	0.4089	0.3527	0.3956	0.4133	0.4311	0.3661	0.417	0.3739	0.3468	0.3229	0.3229	0.3705	0.3482	0.3884	0.3571	0.3482	0.3795	0.3438	0.375	0.3616	0.3705	0.3559	0.3438	0.3616	0.3571	0.3867	0.2946	0.308	0.3467	0.362	0.3348	0.3649	0.3495	0.338	0.3244	1.0	0.9956	0.3184	0.3394	0.3801	0.3063	0.3333	0.3829	0.3122	0.3167	0.3032	0.3153	0.3063	0.2524	0.3288	0.3032	0.29	0.2735	0.2913	0.2715
TF1	0.3408	0.3468	0.3348	0.3045	0.3288	0.3184	0.2915	0.278	0.2342	0.3049	0.2915	0.3049	0.2645	0.4163	0.3857	0.3973	0.4152	0.3801	0.433	0.4152	0.3991	0.3839	0.4398	0.3929	0.3973	0.4018	0.4133	0.4018	0.3973	0.3527	0.3505	0.4356	0.4489	0.4222	0.4732	0.4578	0.4234	0.4711	0.4222	0.3867	0.4267	0.4133	0.3571	0.3911	0.4178	0.4356	0.3705	0.4215	0.3694	0.3514	0.3274	0.3274	0.3661	0.3438	0.3839	0.3527	0.3438	0.375	0.3393	0.3705	0.3571	0.3661	0.3514	0.3393	0.3571	0.3527	0.3911	0.2902	0.3036	0.3422	0.3575	0.3303	0.3604	0.3447	0.3333	0.32	0.9956	1.0	0.3139	0.3348	0.3846	0.3108	0.3288	0.3784	0.3167	0.3213	0.3077	0.3153	0.3018	0.2524	0.3243	0.3077	0.285	0.278	0.2913	0.267
Woot	0.3032	0.2773	0.2877	0.2844	0.2955	0.3077	0.3258	0.2851	0.2682	0.3258	0.3032	0.3258	0.3442	0.3425	0.3575	0.3288	0.4009	0.3242	0.3784	0.3559	0.4072	0.3784	0.3551	0.3969	0.3919	0.3874	0.3408	0.3288	0.3784	0.3739	0.349	0.3274	0.3363	0.3004	0.3153	0.3812	0.3045	0.3453	0.296	0.3274	0.3632	0.3363	0.2658	0.3498	0.3722	0.3498	0.3604	0.3937	0.4072	0.3937	0.3122	0.3348	0.3694	0.4189	0.3829	0.3829	0.3784	0.4054	0.3468	0.4099	0.4189	0.4279	0.3818	0.4144	0.3694	0.3874	0.3632	0.3423	0.3423	0.3184	0.3379	0.3333	0.3455	0.3951	0.3774	0.3184	0.3184	0.3139	1.0	0.3333	0.3333	0.3136	0.3091	0.3182	0.3288	0.3151	0.3151	0.2909	0.2955	0.3088	0.2955	0.2922	0.303	0.276	0.2647	0.3273
Mag	0.3273	0.3333	0.3303	0.3134	0.3379	0.2955	0.2727	0.3	0.2557	0.2955	0.2909	0.3136	0.2549	0.3641	0.3881	0.3727	0.4	0.3349	0.3636	0.3682	0.347	0.3545	0.3255	0.3264	0.3273	0.3591	0.3484	0.3545	0.3591	0.3545	0.3053	0.371	0.3604	0.3829	0.3484	0.371	0.2798	0.3439	0.3846	0.3439	0.3575	0.3756	0.3136	0.362	0.3846	0.362	0.3682	0.3318	0.3578	0.3165	0.3032	0.3136	0.3348	0.3348	0.3665	0.3484	0.3529	0.3665	0.3258	0.3575	0.3665	0.3439	0.3379	0.3484	0.3394	0.3394	0.3484	0.3077	0.3258	0.3665	0.3242	0.3242	0.3273	0.3168	0.3048	0.3258	0.3394	0.3348	0.3333	1.0	0.4279	0.4843	0.4529	0.4753	0.4234	0.4054	0.4144	0.3982	0.3649	0.3069	0.2682	0.2877	0.3299	0.2896	0.2808	0.3088
DRM	0.3227	0.3333	0.3119	0.2949	0.3288	0.3227	0.2909	0.2727	0.2374	0.3	0.2773	0.3682	0.2566	0.3594	0.3607	0.4318	0.3455	0.3532	0.4045	0.4	0.379	0.4045	0.3868	0.3472	0.3409	0.3909	0.4118	0.3727	0.3591	0.3727	0.3526	0.3665	0.3604	0.3649	0.3575	0.3756	0.3119	0.3665	0.3665	0.3303	0.3439	0.3575	0.2955	0.3213	0.3846	0.3484	0.3591	0.4091	0.3853	0.4037	0.3529	0.3727	0.3801	0.362	0.3484	0.3756	0.3484	0.3348	0.3484	0.3665	0.371	0.3846	0.3516	0.362	0.3801	0.3303	0.3937	0.3213	0.3439	0.3801	0.3699	0.3562	0.3455	0.3614	0.3429	0.3348	0.3801	0.3846	0.3333	0.4279	1.0	0.5796	0.5531	0.5133	0.4344	0.4208	0.4525	0.448	0.3857	0.3515	0.3242	0.3242	0.3046	0.2896	0.2426	0.2995
CFG1	0.3122	0.3045	0.3059	0.2982	0.3091	0.2941	0.2805	0.2715	0.2409	0.2715	0.2308	0.2851	0.268	0.3486	0.3545	0.3846	0.3258	0.3059	0.3439	0.3213	0.3273	0.3439	0.3286	0.2887	0.2941	0.3213	0.3333	0.3303	0.3167	0.3077	0.3089	0.2793	0.2915	0.2915	0.3333	0.3243	0.2511	0.2973	0.2973	0.2568	0.2973	0.3108	0.2308	0.3153	0.3333	0.3063	0.3575	0.3348	0.3744	0.3607	0.3333	0.3439	0.3288	0.3378	0.3514	0.3018	0.2883	0.2973	0.2973	0.3378	0.3378	0.3423	0.3318	0.3108	0.3604	0.3243	0.3423	0.2973	0.3288	0.3874	0.3333	0.3242	0.3318	0.3399	0.3033	0.2883	0.3063	0.3108	0.3136	0.4843	0.5796	1.0	0.5374	0.4978	0.3604	0.3604	0.3739	0.3964	0.3304	0.3399	0.2818	0.3	0.298	0.2613	0.2365	0.2477
Hydra2-1	0.3167	0.3273	0.3151	0.3211	0.3045	0.3213	0.2715	0.2805	0.2545	0.2624	0.2851	0.3394	0.268	0.3073	0.3364	0.3529	0.3439	0.3196	0.3439	0.3529	0.3364	0.3394	0.3192	0.3299	0.3303	0.3394	0.3423	0.2986	0.3167	0.3213	0.2984	0.3468	0.3139	0.3094	0.3378	0.3333	0.2694	0.2973	0.3288	0.2883	0.3333	0.3243	0.2489	0.3514	0.3243	0.3198	0.3303	0.3982	0.4155	0.3562	0.3198	0.3394	0.3559	0.3468	0.3559	0.3739	0.3514	0.3378	0.3333	0.3423	0.3333	0.3604	0.3545	0.3829	0.3649	0.3423	0.3514	0.3378	0.3468	0.3694	0.3379	0.3196	0.3318	0.3399	0.327	0.2973	0.3333	0.3288	0.3091	0.4529	0.5531	0.5374	1.0	0.4626	0.4099	0.3649	0.3784	0.3874	0.3393	0.3054	0.2909	0.2864	0.2828	0.3018	0.2512	0.2661
SPM	0.3213	0.3091	0.2694	0.2844	0.2955	0.3394	0.3032	0.2986	0.2455	0.3032	0.276	0.3213	0.2614	0.367	0.35	0.3846	0.3575	0.3425	0.3846	0.3801	0.3682	0.3891	0.3803	0.3247	0.3213	0.3529	0.3694	0.3575	0.3394	0.3575	0.3246	0.3559	0.3363	0.3587	0.3333	0.3468	0.2831	0.3423	0.3198	0.3198	0.3423	0.3198	0.2805	0.3514	0.3559	0.3018	0.3665	0.3529	0.3881	0.3699	0.3739	0.3529	0.3604	0.3378	0.3423	0.3243	0.3288	0.3423	0.3243	0.3423	0.3423	0.3423	0.3364	0.3243	0.3288	0.3423	0.3514	0.3423	0.3514	0.3829	0.3516	0.3699	0.3591	0.3399	0.3175	0.3108	0.3829	0.3784	0.3182	0.4753	0.5133	0.4978	0.4626	1.0	0.4369	0.4279	0.4505	0.4369	0.3393	0.335	0.3182	0.3091	0.2778	0.3153	0.266	0.2706
Cer4	0.3091	0.3273	0.3165	0.3041	0.3151	0.3455	0.3	0.3273	0.274	0.3045	0.3091	0.3318	0.2745	0.3226	0.2922	0.3273	0.35	0.2811	0.3318	0.3364	0.3425	0.3318	0.3066	0.3229	0.3227	0.3455	0.3213	0.3273	0.3364	0.3091	0.3211	0.3258	0.3333	0.3514	0.3394	0.3303	0.2798	0.3167	0.3213	0.2851	0.3077	0.3077	0.2409	0.3122	0.3394	0.3394	0.3227	0.3455	0.3394	0.3303	0.3394	0.3182	0.2986	0.2986	0.3167	0.3303	0.2986	0.3213	0.3122	0.3394	0.3484	0.3439	0.3242	0.3439	0.3439	0.3348	0.3529	0.3213	0.2941	0.2986	0.3607	0.3562	0.3227	0.3861	0.2714	0.3258	0.3122	0.3167	0.3288	0.4234	0.4344	0.3604	0.4099	0.4369	1.0	0.7265	0.7175	0.4344	0.3665	0.3317	0.2864	0.3014	0.2893	0.276	0.3153	0.2811
Cer5	0.3273	0.3136	0.2982	0.2949	0.3196	0.3182	0.3318	0.3	0.2648	0.3182	0.3136	0.3364	0.268	0.3318	0.2877	0.3636	0.3455	0.2903	0.3136	0.3545	0.3562	0.3273	0.3066	0.3385	0.3318	0.3273	0.3258	0.3455	0.3545	0.3364	0.3526	0.3575	0.3288	0.3243	0.3167	0.3077	0.2615	0.3032	0.3348	0.2851	0.2986	0.3032	0.2318	0.3213	0.3394	0.3439	0.3273	0.3318	0.3394	0.3119	0.3258	0.3227	0.3122	0.3348	0.3348	0.3032	0.2986	0.3167	0.3394	0.3484	0.3665	0.3484	0.3242	0.3529	0.3439	0.3258	0.3665	0.3213	0.3122	0.3303	0.3379	0.3516	0.3545	0.3663	0.2714	0.2851	0.3167	0.3213	0.3151	0.4054	0.4208	0.3604	0.3649	0.4279	0.7265	1.0	0.7444	0.4299	0.3394	0.3119	0.3045	0.2648	0.2538	0.267	0.2857	0.2995
Cer6	0.3091	0.3182	0.289	0.2949	0.3379	0.3318	0.3136	0.3182	0.2877	0.3045	0.3045	0.3727	0.2941	0.2903	0.2968	0.3273	0.3227	0.2949	0.3318	0.3364	0.3333	0.3182	0.3208	0.3385	0.3364	0.3227	0.3258	0.3136	0.3227	0.3045	0.3105	0.3439	0.3243	0.3423	0.3167	0.2941	0.2385	0.2851	0.3167	0.3077	0.3122	0.3122	0.2409	0.3529	0.3575	0.3213	0.3182	0.3045	0.3486	0.3028	0.3122	0.3091	0.3122	0.3122	0.3077	0.3077	0.2851	0.2896	0.2941	0.3303	0.3484	0.3303	0.3196	0.3394	0.3439	0.3258	0.3303	0.3213	0.2986	0.3167	0.3379	0.3516	0.3364	0.3614	0.2714	0.2805	0.3032	0.3077	0.3151	0.4144	0.4525	0.3739	0.3784	0.4505	0.7175	0.7444	1.0	0.4389	0.3575	0.3317	0.3	0.2694	0.2792	0.267	0.2808	0.2811
Gulliver	0.2624	0.2682	0.2511	0.2661	0.2727	0.3122	0.276	0.2579	0.2364	0.2941	0.2805	0.3213	0.2632	0.3028	0.2864	0.3484	0.3213	0.2936	0.3348	0.3303	0.3364	0.3258	0.3192	0.2591	0.2851	0.3258	0.3378	0.3439	0.3348	0.2986	0.3194	0.3378	0.3408	0.3274	0.3333	0.2973	0.2785	0.3063	0.3333	0.3063	0.3198	0.3288	0.2805	0.3018	0.3333	0.3468	0.3122	0.3077	0.3425	0.3151	0.2973	0.3032	0.2928	0.3108	0.2973	0.3198	0.3063	0.3063	0.3063	0.3288	0.3378	0.3108	0.3182	0.3153	0.3243	0.2973	0.3739	0.2928	0.2928	0.2883	0.3425	0.2922	0.3364	0.3448	0.2938	0.3243	0.3153	0.3153	0.2909	0.3982	0.448	0.3964	0.3874	0.4369	0.4344	0.4299	0.4389	1.0	0.3063	0.2906	0.2922	0.2864	0.2525	0.2568	0.2562	0.2294
SURL	0.3529	0.3364	0.3196	0.3119	0.3409	0.3303	0.3575	0.3394	0.2773	0.3258	0.3213	0.3258	0.3203	0.2844	0.2773	0.2624	0.3213	0.3014	0.3303	0.2896	0.2955	0.3122	0.2817	0.2784	0.2805	0.2896	0.3018	0.2941	0.3258	0.2941	0.3037	0.2703	0.3004	0.3408	0.3288	0.2703	0.2329	0.2748	0.3153	0.2793	0.3423	0.3018	0.2579	0.2793	0.3243	0.3198	0.3077	0.3303	0.3014	0.3151	0.3739	0.3891	0.3288	0.3063	0.3559	0.3243	0.3108	0.3063	0.2973	0.3423	0.3514	0.3333	0.3318	0.3378	0.3288	0.3288	0.3423	0.3514	0.3243	0.2838	0.3105	0.2831	0.3364	0.3448	0.2891	0.3108	0.3063	0.3018	0.2955	0.3649	0.3857	0.3304	0.3393	0.3393	0.3665	0.3394	0.3575	0.3063	1.0	0.3448	0.2831	0.2909	0.2525	0.3018	0.2414	0.2477
Tor1	0.2598	0.2759	0.2723	0.2687	0.2611	0.2829	0.2585	0.2634	0.2451	0.2732	0.2537	0.322	0.2597	0.2772	0.299	0.2634	0.3122	0.2723	0.278	0.2585	0.2829	0.2683	0.2828	0.2938	0.3024	0.2878	0.3398	0.239	0.2634	0.3024	0.285	0.301	0.2864	0.3107	0.2976	0.2816	0.2512	0.267	0.2767	0.2864	0.3447	0.301	0.2537	0.3398	0.3301	0.2913	0.2927	0.3024	0.3137	0.3137	0.3382	0.3382	0.3204	0.3592	0.335	0.2913	0.2718	0.2864	0.3058	0.3301	0.3495	0.3495	0.3301	0.3641	0.3252	0.3107	0.3204	0.3252	0.335	0.3301	0.3235	0.3054	0.3382	0.3463	0.3402	0.3107	0.2524	0.2524	0.3088	0.3069	0.3515	0.3399	0.3054	0.335	0.3317	0.3119	0.3317	0.2906	0.3448	1.0	0.2696	0.2794	0.235	0.2647	0.2732	0.2376
Tor4a	0.3318	0.3425	0.3303	0.3226	0.3379	0.3636	0.3182	0.2955	0.2648	0.3091	0.2727	0.3364	0.2941	0.3211	0.2773	0.3213	0.3303	0.3119	0.3665	0.3348	0.35	0.3529	0.3474	0.3523	0.3575	0.362	0.3559	0.3122	0.2941	0.3258	0.2775	0.3198	0.3063	0.3063	0.3348	0.3198	0.3059	0.3243	0.3018	0.2928	0.3198	0.3288	0.2624	0.3108	0.3198	0.3243	0.3122	0.3982	0.3455	0.3545	0.3318	0.3182	0.3756	0.3801	0.3258	0.3394	0.3348	0.3394	0.3756	0.3846	0.3756	0.4027	0.3927	0.3801	0.3982	0.3846	0.3378	0.371	0.3756	0.3198	0.35	0.3136	0.3122	0.3202	0.3571	0.3018	0.3288	0.3243	0.2955	0.2682	0.3242	0.2818	0.2909	0.3182	0.2864	0.3045	0.3	0.2922	0.2831	0.2696	1.0	0.3211	0.3384	0.2864	0.2647	0.2844
Cigr-1	0.2955	0.3059	0.3028	0.2903	0.3014	0.3045	0.3091	0.3	0.2511	0.2955	0.2727	0.2955	0.2792	0.3134	0.274	0.2864	0.3273	0.2995	0.3409	0.3273	0.3014	0.3182	0.3443	0.285	0.2909	0.3	0.3122	0.3091	0.2955	0.2773	0.2694	0.3258	0.3378	0.3333	0.3258	0.2986	0.3211	0.3122	0.3032	0.267	0.3077	0.3167	0.2864	0.2624	0.3032	0.2896	0.3227	0.3425	0.289	0.2936	0.3136	0.3091	0.3333	0.3288	0.3829	0.3243	0.3378	0.3468	0.3288	0.3018	0.3063	0.3288	0.3227	0.3243	0.3243	0.3468	0.2805	0.2973	0.2973	0.267	0.3165	0.3028	0.2603	0.3431	0.3158	0.2534	0.3032	0.3077	0.2922	0.2877	0.3242	0.3	0.2864	0.3091	0.3014	0.2648	0.2694	0.2864	0.2909	0.2794	0.3211	1.0	0.2613	0.2682	0.2549	0.3028
Skipper	0.3015	0.298	0.2995	0.2857	0.298	0.3065	0.3015	0.2513	0.2362	0.2864	0.2714	0.3317	0.2745	0.3367	0.3485	0.3568	0.3266	0.3214	0.3467	0.3317	0.3518	0.3668	0.3385	0.3218	0.3518	0.3618	0.35	0.3417	0.3216	0.3467	0.2656	0.305	0.305	0.33	0.3467	0.325	0.2741	0.295	0.325	0.275	0.31	0.31	0.2362	0.29	0.31	0.305	0.3417	0.36	0.3232	0.3384	0.3367	0.3535	0.385	0.325	0.355	0.32	0.305	0.335	0.3	0.375	0.36	0.38	0.34	0.355	0.365	0.355	0.335	0.33	0.325	0.335	0.3131	0.3081	0.3182	0.2965	0.2963	0.31	0.29	0.285	0.303	0.3299	0.3046	0.298	0.2828	0.2778	0.2893	0.2538	0.2792	0.2525	0.2525	0.235	0.3384	0.2613	1.0	0.2312	0.2312	0.2843
bemisia_tabaci_NW_017547204.1:782040-803803_ORF111	0.3213	0.3045	0.2694	0.289	0.3091	0.2715	0.2715	0.2805	0.2364	0.276	0.2715	0.3213	0.268	0.2922	0.3077	0.3108	0.2883	0.2603	0.3243	0.3063	0.3077	0.3108	0.285	0.3247	0.3063	0.3153	0.3094	0.2748	0.2883	0.2703	0.2656	0.287	0.2915	0.3004	0.2973	0.287	0.2545	0.3004	0.2646	0.287	0.3004	0.296	0.2342	0.2646	0.3094	0.3229	0.2973	0.3423	0.3045	0.3273	0.3049	0.3153	0.3063	0.3198	0.3063	0.3378	0.3198	0.3288	0.3063	0.3288	0.3243	0.3243	0.3227	0.3198	0.3378	0.3153	0.3274	0.3468	0.3468	0.2915	0.2603	0.2922	0.2455	0.2892	0.3113	0.2556	0.2735	0.278	0.276	0.2896	0.2896	0.2613	0.3018	0.3153	0.276	0.267	0.267	0.2568	0.3018	0.2647	0.2864	0.2682	0.2312	1.0	0.2598	0.2648
Tor2	0.2598	0.2365	0.2376	0.2736	0.2463	0.3268	0.322	0.3171	0.2451	0.2927	0.2976	0.3171	0.2774	0.2525	0.2255	0.2146	0.3073	0.2525	0.2244	0.2488	0.2829	0.2683	0.2475	0.2542	0.2488	0.2683	0.267	0.2439	0.2341	0.2634	0.2228	0.267	0.267	0.2913	0.239	0.2476	0.2315	0.2476	0.2573	0.2621	0.2718	0.2913	0.2732	0.2573	0.301	0.2379	0.2341	0.2843	0.2857	0.3005	0.3186	0.3088	0.2718	0.2476	0.2718	0.2621	0.267	0.2864	0.2913	0.2427	0.2524	0.267	0.2718	0.2767	0.2621	0.2476	0.2718	0.2282	0.233	0.2184	0.2843	0.2709	0.2451	0.2683	0.2577	0.2379	0.2913	0.2913	0.2647	0.2808	0.2426	0.2365	0.2512	0.266	0.3153	0.2857	0.2808	0.2562	0.2414	0.2732	0.2647	0.2549	0.2312	0.2598	1.0	0.2327
Ulysses	0.3059	0.2982	0.2995	0.2963	0.3028	0.2922	0.2785	0.2557	0.2156	0.274	0.2785	0.2877	0.2403	0.3364	0.3059	0.3273	0.3455	0.341	0.3182	0.3273	0.347	0.3182	0.3255	0.3109	0.3091	0.3409	0.3303	0.3091	0.3273	0.3318	0.2827	0.3258	0.3167	0.3484	0.2864	0.3348	0.2798	0.3213	0.3122	0.2941	0.3167	0.3394	0.2455	0.3032	0.3032	0.3032	0.2773	0.3333	0.3607	0.3516	0.3425	0.3333	0.3682	0.3455	0.3364	0.3455	0.3455	0.3818	0.3409	0.35	0.3409	0.3318	0.2936	0.3182	0.35	0.3455	0.3303	0.2864	0.3045	0.3122	0.3318	0.3134	0.3073	0.3744	0.2871	0.2489	0.2715	0.267	0.3273	0.3088	0.2995	0.2477	0.2661	0.2706	0.2811	0.2995	0.2811	0.2294	0.2477	0.2376	0.2844	0.3028	0.2843	0.2648	0.2327	1.0
